,Class,Transition,Lipid
0,CAR,162.2 -> 60.1,CAR_QUAL
1,CAR,162.2 -> 85.1,CAR
2,CAR,204.1 -> 60.1,CAR(2:0)_QUAL
3,CAR,204.1 -> 85.1,CAR(2:0)
4,CAR,216.1 -> 60.1,CAR(3:1)_QUAL
5,CAR,216.1 -> 85.1,CAR(3:1)
6,CAR,218.1 -> 60.1,CAR(3:0)_QUAL
7,CAR,218.1 -> 85.1,CAR(3:0)
8,CAR,230.1 -> 60.1,CAR(4:1)_QUAL
9,CAR,230.1 -> 85.1,CAR(4:1)
10,CAR,232.2 -> 60.1,CAR(4:0)_QUAL
11,CAR,232.2 -> 85.1,CAR(4:0)
12,CAR,244.2 -> 60.1,CAR(5:1)_QUAL
13,CAR,244.2 -> 85.1,CAR(5:1)
14,CAR,246.2 -> 60.1,CAR(5:0)_QUAL
15,CAR,246.2 -> 85.1,CAR(5:0)
16,CAR,258.2 -> 60.1,CAR(6:1)_QUAL
17,CAR,258.2 -> 85.1,CAR(6:1)
18,CAR,260.2 -> 60.1,CAR(6:0)_QUAL
19,CAR,260.2 -> 85.1,CAR(6:0)
20,CAR,274.2 -> 60.1,CAR(7:0)_QUAL
21,CAR,274.2 -> 85.1,CAR(7:0)
22,CAR,286.2 -> 60.1,CAR(8:1)_QUAL
23,CAR,286.2 -> 85.1,CAR(8:1)
24,CAR,288.2 -> 60.1,CAR(8:0)_QUAL
25,CAR,288.2 -> 85.1,CAR(8:0)
26,CAR,302.2 -> 60.1,CAR(9:0)_QUAL
27,CAR,302.2 -> 85.1,CAR(9:0)
28,CAR,310.2 -> 60.1,CAR(10:3)_QUAL
29,CAR,310.2 -> 85.1,CAR(10:3)
30,CAR,312.2 -> 60.1,CAR(10:2)_QUAL
31,CAR,312.2 -> 85.1,CAR(10:2)
32,CAR,314.2 -> 60.1,CAR(10:1)_QUAL
33,CAR,314.2 -> 85.1,CAR(10:1)
34,CAR,316.2 -> 60.1,CAR(10:0)_QUAL
35,CAR,316.2 -> 85.1,CAR(10:0)
36,CAR,330.3 -> 60.1,CAR(11:0)_QUAL
37,CAR,330.3 -> 85.1,CAR(11:0)
38,CAR,344.3 -> 60.1,CAR(12:0)_QUAL
39,CAR,344.3 -> 85.1,CAR(12:0)
40,CAR,368.3 -> 60.1,CAR(14:2)_QUAL
42,CAR,370.3 -> 60.1,CAR(14:1)_QUAL
44,CAR,372.3 -> 60.1,CAR(14:0)_QUAL
46,CAR,396.3 -> 60.1,CAR(16:2)_QUAL
48,CAR,398.3 -> 60.1,CAR(16:1)_QUAL
50,CAR,400.3 -> 60.1,CAR(16:0)_QUAL
52,CAR,414.4 -> 60.1,CAR(17:0)_QUAL
54,CAR,420.3 -> 60.1,CAR(18:4)_QUAL
56,CAR,422.3 -> 60.1,CAR(18:3)_QUAL
57,CAR,422.3 -> 85.1,CAR(18:3)
58,CAR,424.3 -> 60.1,CAR(18:2)_QUAL
60,CAR,426.4 -> 60.1,CAR(18:1)_QUAL
62,CAR,428.4 -> 60.1,CAR(18:0)_QUAL
64,CAR,448.3 -> 60.1,CAR(20:4)_QUAL
66,CAR,452.4 -> 60.1,CAR(20:2)_QUAL
68,CAR,454.4 -> 60.1,CAR(20:1)_QUAL
70,CAR,456.4 -> 60.1,CAR(20:0)_QUAL
72,CAR,472.4 -> 60.1,CAR(22:6)_QUAL
74,CAR,474.4 -> 60.1,CAR(22:5)_QUAL
76,CAR,476.4 -> 60.1,CAR(22:4)_QUAL
78,CAR,480.4 -> 60.1,CAR(22:2)_QUAL
80,CAR,484.4 -> 60.1,CAR(22:0)_QUAL
82,CAR,540.5 -> 60.1,CAR(26:0)_QUAL
86,Cer,428.4 -> 182.4,Cer(d12:0/14:0)
89,Cer,496.5 -> 222.4,Cer(d15:1/16:0)
90,Cer,498.5 -> 266.4,Cer(d18:0/13:0)
94,Cer,510.5 -> 264.4,Cer(d18:1/14:0)
96,Cer,522.5 -> 262.4,Cer(d18:2/15:0)
97,Cer,524.5 -> 236.4,Cer(d16:1/17:0)
98,Cer,526.5 -> 266.4,Cer(d18:0/15:0)
103,Cer,550.5 -> 220.4,"Cer(d15:2(4E,6E)/20:0)"
104,Cer,552.5 -> 264.4,Cer(d18:1/17:0)
105,Cer,554.6 -> 266.4,Cer(d18:0/17:0)
111,Cer,570.5 -> 266.4,Cer(d18:0/h17:0)
112,Cer,578.6 -> 220.4,"Cer(d15:2(4E,6E)/22:0)"
113,Cer,580.6 -> 264.4,Cer(d18:1/19:0)
114,Cer,582.6 -> 266.4,Cer(d18:0/19:0)
120,Cer,606.6 -> 262.4,Cer(d18:2/21:0)
121,Cer,608.6 -> 236.4,Cer(d16:1/23:0)
122,Cer,610.6 -> 266.4,Cer(d18:0/21:0)
128,Cer,634.6 -> 262.4,Cer(d18:2/23:0)
129,Cer,636.6 -> 264.4,Cer(d18:1/23:0)
130,Cer,638.6 -> 266.4,Cer(d18:0/23:0)
137,Cer,662.6 -> 262.4,Cer(d18:2/25:0)
138,SM,663.5 -> 184.1,SM(d18:0/13:0)
139,Cer,664.7 -> 264.4,Cer(d18:1/25:0)
140,Cer,666.7 -> 266.4,Cer(d18:0/25:0)
149,SM,687.5 -> 184.1,SM(d18:2/15:0)
150,SM,689.6 -> 184.1,SM(d16:1/17:0)
151,Cer,690.7 -> 262.4,Cer(d18:2/27:0)
152,SM,691.6 -> 184.1,SM(d18:0/15:0)
153,Cer,692.7 -> 264.4,Cer(d18:1/27:0)
154,Cer,694.7 -> 266.4,Cer(d18:0/27:0)
159,Cer,704.7 -> 262.4,Cer(d18:2/28:0)
161,Cer,706.7 -> 264.4,Cer(d18:1/28:0)
162,Cer,708.7 -> 294.4,Cer(d20:0/26:0)
163,SM,717.6 -> 184.1,SM(d18:1/17:0)
164,Cer,718.7 -> 262.4,Cer(d18:2/29:0)
165,SM,719.6 -> 184.1,SM(d18:0/17:0)
166,Cer,720.7 -> 264.4,Cer(d18:1/29:0)
167,Cer,722.7 -> 266.4,Cer(d18:0/29:0)
173,Cer,732.7 -> 262.4,Cer(d18:2/30:0)
175,Cer,734.7 -> 264.4,Cer(d18:1/30:0)
176,Cer,736.8 -> 266.4,Cer(d18:0/30:0)
177,SM,745.6 -> 184.1,SM(d18:1/19:0)
179,Cer,750.8 -> 266.4,Cer(d18:0/31:0)
185,Cer,760.8 -> 262.4,Cer(d18:2/32:0)
187,Cer,762.8 -> 264.4,Cer(d18:1/32:0)
188,Cer,764.8 -> 266.4,Cer(d18:0/32:0)
189,SM,771.6 -> 184.1,SM(d18:2/21:0)
190,SM,773.7 -> 184.1,SM(d16:1/23:0)
191,SM,775.7 -> 184.1,SM(d16:0/23:0)
197,Cer,790.8 -> 264.4,Cer(d18:1/34:0)
198,SM,799.7 -> 184.1,SM(d17:1/24:1)
199,SM,801.7 -> 184.1,SM(d16:1/25:0)
200,SM,803.7 -> 184.1,SM(d16:0/25:0)
206,SM,827.7 -> 184.1,SM(d17:1/26:1)
207,SM,829.7 -> 184.1,SM(d18:1/25:0)
218,Cer,956.9 -> 264.4,omega-linoleoyloxy-Cer(d18:1/26:0)
219,Cer,958.9 -> 266.4,omega-linoleoyloxy-Cer(d18:0/26:0)
220,Cer,970.9 -> 264.4,omega-linoleoyloxy-Cer(d18:1/27:0)
222,Cer,984.9 -> 264.4,omega-linoleoyloxy-Cer(d18:1/28:0)
223,Cer,986.9 -> 266.4,omega-linoleoyloxy-Cer(d18:0/28:0)
224,Cer,998.9 -> 264.4,omega-linoleoyloxy-Cer(d18:1/29:0)
225,Cer,1001.0 -> 280.4,omega-linoleoyloxy-Cer(d19:0/28:0)
227,Cer,1010.9 -> 262.4,omega-linoleoyloxy-Cer(d18:2/30:0)
228,Cer,1013.0 -> 264.4,omega-linoleoyloxy-Cer(d18:1/30:0)
229,Cer,1015.0 -> 266.4,omega-linoleoyloxy-Cer(d18:0/30:0)
230,Cer,1025.0 -> 262.4,omega-linoleoyloxy-Cer(d18:2/31:0)
231,Cer,1027.0 -> 264.4,omega-linoleoyloxy-Cer(d18:1/31:0)
232,Cer,1029.0 -> 266.4,omega-linoleoyloxy-Cer(d18:0/31:0)
233,Cer,1039.0 -> 262.4,omega-linoleoyloxy-Cer(d18:2/32:0)
234,Cer,1041.0 -> 264.4,omega-linoleoyloxy-Cer(d18:1/32:0)
235,Cer,1043.0 -> 266.4,omega-linoleoyloxy-Cer(d18:0/32:0)
236,Cer,1055.0 -> 264.4,omega-linoleoyloxy-Cer(d18:1/33:0)
237,Cer,1057.0 -> 266.4,omega-linoleoyloxy-Cer(d18:0/33:0)
238,Cer,1067.0 -> 262.4,omega-linoleoyloxy-Cer(d18:2/34:0)
239,Cer,1069.0 -> 264.4,omega-linoleoyloxy-Cer(d18:1/34:0)
240,Cer,1071.0 -> 266.4,omega-linoleoyloxy-Cer(d18:0/34:0)
241,Cer,1083.0 -> 264.4,omega-linoleoyloxy-Cer(d19:1/34:0)
242,Cer,1085.1 -> 280.4,omega-linoleoyloxy-Cer(d19:0/34:0)
243,Cer,1097.1 -> 292.4,omega-linoleoyloxy-Cer(d20:1/34:0)
244,Cer,1099.1 -> 294.4,omega-linoleoyloxy-Cer(d21:0/33:0)
245,Cer,1175.0 -> 264.4,omega-linoleoyloxy-GlcCer(d18:1/30:0)
273,CE,1089.0 -> 369.2,CE(46:3;O2)
274,CE,1117.1 -> 369.2,CE(48:3;O2)
275,CE,1145.1 -> 369.2,CE(50:3;O2)
276,CE,1173.1 -> 369.2,CE(52:3;O2)
277,DAG,474.4 -> 201.1,DG(24:0)_C16:0
278,DAG,502.4 -> 229.1,DG(26:0)_C16:0
279,DAG,526.4 -> 253.1,DG(28:2)_C16:0
280,DAG,528.5 -> 255.2,DG(28:1)_C16:0
281,DAG,540.5 -> 267.2,DG(29:2)_C16:0
282,DAG,542.5 -> 269.2,DG(29:1)_C16:0
283,DAG,544.5 -> 271.2,DG(29:0)_C16:0
284,DAG,552.5 -> 279.2,DG(30:3)_C16:0
285,DAG,554.5 -> 281.2,DG(30:2)_C16:0
286,DAG,556.5 -> 283.2,DG(30:1)_C16:0
287,DAG,558.5 -> 285.2,DG(30:0)_C16:0
288,DAG,566.5 -> 293.2,DG(31:3)_C16:0
289,DAG,568.5 -> 295.2,DG(31:2)|DG(P-14:0/18:1)_C16:0
290,DAG,570.5 -> 297.2,DG(31:1)_C16:0
291,DAG,572.5 -> 299.2,DG(31:0)_C16:0
292,DAG,576.5 -> 303.2,DG(32:5)_C16:0
293,DAG,580.5 -> 307.2,DG(32:3)_C16:0
294,DAG,582.5 -> 309.2,DG(32:2)_C16:0
295,DAG,584.5 -> 311.2,DG(32:1)_C16:0
296,DAG,586.5 -> 313.2,DG(32:0)_C16:0
297,DAG,590.5 -> 317.2,DG(33:5)_C16:0
298,DAG,592.5 -> 319.2,DG(33:4)_C16:0
299,DAG,594.5 -> 321.2,DG(33:3)_C16:0
300,DAG,596.5 -> 323.2,DG(33:2)_C16:0
301,DAG,598.6 -> 325.3,DG(33:1)|DG(O-34:1)_C16:0
302,DAG,600.6 -> 327.3,DG(33:0)_C16:0
303,DAG,602.5 -> 329.2,DG(34:6)_C16:0
304,DAG,604.5 -> 331.2,DG(34:5)_C16:0
305,DAG,606.6 -> 333.3,DG(34:4)|DG(dO-36:4)_C16:0
306,DAG,608.5 -> 335.2,DG(34:3)_C16:0
307,DAG,610.5 -> 337.2,DG(34:2)_C16:0
308,DAG,612.6 -> 339.3,DG(34:1)_C16:0
309,DAG,614.6 -> 341.3,DG(34:0)_C16:0
310,DAG,616.5 -> 343.2,DG(35:6)_C16:0
311,DAG,618.5 -> 345.2,DG(35:5)_C16:0
312,DAG,620.6 -> 347.3,DG(35:4)|DG(O-36:4)|DG(dO-37:4)_C16:0
313,DAG,622.5 -> 349.2,DG(35:3)_C16:0
314,DAG,624.6 -> 351.3,DG(dO-38:9)|DG(35:2)_C16:0
315,DAG,626.6 -> 353.3,DG(36:8)|DG(35:1)_C16:0
316,DAG,628.6 -> 355.3,DG(36:7)|DG(35:0)_C16:0
317,DAG,630.5 -> 357.2,DG(36:6)_C16:0
318,DAG,632.5 -> 359.2,DG(36:5)_C16:0
319,DAG,634.6 -> 361.3,DG(36:4)|DG(O-37:4)_C16:0
320,DAG,636.6 -> 363.3,DG(36:3)_C16:0
321,DAG,638.6 -> 365.3,DG(O-38:9)|DG(36:2)_C16:0
322,DAG,640.6 -> 367.3,DG(O-38:8)|DG(36:1)_C16:0
323,DAG,642.6 -> 369.3,DG(37:7)|DG(36:0)_C16:0
324,DAG,644.5 -> 371.2,DG(37:6)_C16:0
325,DAG,646.5 -> 373.2,DG(37:5)_C16:0
326,DAG,648.6 -> 375.3,DG(37:4)_C16:0
327,DAG,650.6 -> 377.3,DG(37:3)_C16:0
328,DAG,652.6 -> 379.3,DG(38:9)|DG(dO-40:9)|DG(37:2)_C16:0
329,DAG,654.6 -> 381.3,DG(38:8)|DG(dO-40:8)|DG(37:1)_C16:0
330,DAG,656.6 -> 383.3,DG(38:7)|DG(37:0)_C16:0
331,DAG,658.6 -> 385.3,DG(38:6)|DG(dO-40:6)_C16:0
332,DAG,660.6 -> 387.3,DG(38:5)_C16:0
333,DAG,662.6 -> 389.3,DG(38:4)_C16:0
334,DAG,664.6 -> 391.3,DG(38:3)_C16:0
335,DAG,666.6 -> 393.3,DG(O-40:9)|DG(38:2)_C16:0
336,DAG,668.6 -> 395.3,DG(39:8)|DG(O-40:8)|DG(38:1)_C16:0
337,DAG,670.7 -> 397.4,DG(39:7)|DG(38:0)|DG(dO-40:0)_C16:0
338,DAG,672.6 -> 399.3,DG(39:6)_C16:0
339,DAG,674.6 -> 401.3,DG(39:5)_C16:0
340,DAG,676.6 -> 403.3,DG(39:4)_C16:0
341,DAG,678.6 -> 405.3,DG(40:10)|DG(39:3)_C16:0
342,DAG,680.6 -> 407.3,DG(40:9)|DG(39:2)_C16:0
343,DAG,682.6 -> 409.3,[TG(38:1)]_FA16:0 | DG(40:8)|DG(39:1)_C16:0
344,DAG,684.7 -> 411.3,DG(40:7)|DG(39:0)_C16:0
345,DAG,686.7 -> 413.4,DG(40:6)|DG(dO-40:0)_C16:0
346,DAG,688.6 -> 415.3,DG(40:5)_C16:0
347,DAG,690.6 -> 417.3,DG(40:4)_C16:0
348,DAG,692.6 -> 419.3,DG(40:3)_C16:0
349,DAG,694.6 -> 421.3,DG(40:2)_C16:0
350,DAG,696.7 -> 423.3,DG(40:1)_C16:0
351,DAG,698.7 -> 425.4,DG(41:7)|DG(40:0)_C16:0
352,DAG,700.6 -> 427.3,DG(41:6)_C16:0
353,DAG,702.6 -> 429.3,DG(41:5)_C16:0
354,DAG,704.6 -> 431.3,DG(42:11)|DG(41:4)_C16:0
355,DAG,706.6 -> 433.3,DG(42:10)|DG(41:3)_C16:0
356,DAG,708.7 -> 435.3,DG(42:9)|DG(41:2)_C16:0
357,DAG,710.7 -> 437.4,DG(42:8)|DG(41:1)_C16:0
358,DAG,712.7 -> 439.4,DG(42:7)|DG(41:0)_C16:0
359,DAG,714.6 -> 441.3,DG(42:6)_C16:0
360,DAG,716.6 -> 443.3,DG(42:5)_C16:0
361,DAG,718.6 -> 445.3,DG(42:4)_C16:0
362,DAG,720.7 -> 447.3,DG(42:3)_C16:0
363,DAG,722.7 -> 449.4,DG(42:2)_C16:0
364,DAG,724.7 -> 451.4,DG(42:1)_C16:0
365,DAG,726.7 -> 453.4,[TG(41:0)]_FA16:0 | DG(42:0)_C16:0
366,DAG,728.6 -> 455.3,DG(43:6)_C16:0
367,DAG,730.6 -> 457.3,DG(44:12)|DG(43:5)_C16:0
368,DAG,732.7 -> 459.3,DG(44:11)|DG(43:4)_C16:0
369,DAG,734.7 -> 461.4,DG(44:10)|DG(43:3)_C16:0
370,DAG,736.7 -> 463.4,DG(44:9)|DG(43:2)_C16:0
371,DAG,738.7 -> 465.4,[TG(42:1)]_FA16:0 | DG(44:8)|DG(43:1)_C16:0
372,DAG,740.7 -> 467.4,[TG(42:0)]_FA16:0 | DG(44:7)|DG(43:0)_C16:0
373,DAG,742.6 -> 469.3,DG(44:6)_C16:0
374,DAG,744.7 -> 471.3,DG(44:5)_C16:0
375,DAG,746.7 -> 473.4,DG(44:4)_C16:0
376,DAG,748.7 -> 475.4,DG(44:3)_C16:0
377,DAG,750.7 -> 477.4,[TG(43:2)]_FA16:0 | DG(44:2)_C16:0
378,DAG,752.7 -> 479.4,[TG(43:1)]_FA16:0 | DG(44:1)_C16:0
379,DAG,754.7 -> 481.4,[TG(43:0)]_FA16:0 | DG(44:0)_C16:0
380,DAG,526.4 -> 255.1,DG(28:2)_C16:1
381,DAG,528.5 -> 257.2,DG(28:1)_C16:1
382,DAG,540.5 -> 269.2,DG(29:2)_C16:1
383,DAG,542.5 -> 271.2,DG(29:1)_C16:1
384,DAG,552.5 -> 281.2,DG(30:3)_C16:1
385,DAG,554.5 -> 283.2,DG(30:2)_C16:1
386,DAG,556.5 -> 285.2,DG(30:1)_C16:1
387,DAG,566.5 -> 295.2,DG(31:3)_C16:1
388,DAG,568.5 -> 297.2,DG(31:2)|DG(P-14:0/18:1)_C16:1
389,DAG,570.5 -> 299.2,DG(31:1)_C16:1
390,DAG,576.5 -> 305.2,DG(32:5)_C16:1
391,DAG,580.5 -> 309.2,DG(32:3)_C16:1
392,DAG,582.5 -> 311.2,DG(32:2)_C16:1
393,DAG,584.5 -> 313.2,DG(32:1)_C16:1
394,DAG,590.5 -> 319.2,DG(33:5)_C16:1
395,DAG,592.5 -> 321.2,DG(33:4)_C16:1
396,DAG,594.5 -> 323.2,DG(33:3)_C16:1
397,DAG,596.5 -> 325.2,DG(33:2)_C16:1
398,DAG,598.6 -> 327.3,DG(33:1)|DG(O-34:1)_C16:1
399,DAG,602.5 -> 331.2,DG(34:6)_C16:1
400,DAG,604.5 -> 333.2,DG(34:5)_C16:1
401,DAG,606.6 -> 335.3,DG(34:4)|DG(dO-36:4)_C16:1
402,DAG,608.5 -> 337.2,DG(34:3)_C16:1
403,DAG,610.5 -> 339.2,DG(34:2)_C16:1
404,DAG,612.6 -> 341.3,DG(34:1)_C16:1
405,DAG,616.5 -> 345.2,DG(35:6)_C16:1
406,DAG,618.5 -> 347.2,DG(35:5)_C16:1
407,DAG,620.6 -> 349.3,DG(35:4)|DG(O-36:4)|DG(dO-37:4)_C16:1
408,DAG,622.5 -> 351.2,DG(35:3)_C16:1
409,DAG,624.6 -> 353.3,DG(dO-38:9)|DG(35:2)_C16:1
410,DAG,626.6 -> 355.3,DG(36:8)|DG(35:1)_C16:1
411,DAG,628.6 -> 357.3,DG(36:7)|DG(35:0)_C16:1
412,DAG,630.5 -> 359.2,DG(36:6)_C16:1
413,DAG,632.5 -> 361.2,DG(36:5)_C16:1
414,DAG,634.6 -> 363.3,DG(36:4)|DG(O-37:4)_C16:1
415,DAG,636.6 -> 365.3,DG(36:3)_C16:1
416,DAG,638.6 -> 367.3,DG(O-38:9)|DG(36:2)_C16:1
417,DAG,640.6 -> 369.3,DG(O-38:8)|DG(36:1)_C16:1
418,DAG,642.6 -> 371.3,DG(37:7)|DG(36:0)_C16:1
419,DAG,644.5 -> 373.2,DG(37:6)_C16:1
420,DAG,646.5 -> 375.2,DG(37:5)_C16:1
421,DAG,648.6 -> 377.3,DG(37:4)_C16:1
422,DAG,650.6 -> 379.3,DG(37:3)_C16:1
423,DAG,652.6 -> 381.3,DG(38:9)|DG(dO-40:9)|DG(37:2)_C16:1
424,DAG,654.6 -> 383.3,DG(38:8)|DG(dO-40:8)|DG(37:1)_C16:1
425,DAG,656.6 -> 385.3,DG(38:7)|DG(37:0)_C16:1
426,DAG,658.6 -> 387.3,DG(38:6)|DG(dO-40:6)_C16:1
427,DAG,660.6 -> 389.3,DG(38:5)_C16:1
428,DAG,662.6 -> 391.3,DG(38:4)_C16:1
429,DAG,664.6 -> 393.3,DG(38:3)_C16:1
430,DAG,666.6 -> 395.3,DG(O-40:9)|DG(38:2)_C16:1
431,DAG,668.6 -> 397.3,DG(39:8)|DG(O-40:8)|DG(38:1)_C16:1
432,DAG,670.7 -> 399.4,DG(39:7)|DG(38:0)|DG(dO-40:0)_C16:1
433,DAG,672.6 -> 401.3,DG(39:6)_C16:1
434,DAG,674.6 -> 403.3,DG(39:5)_C16:1
435,DAG,676.6 -> 405.3,DG(39:4)_C16:1
436,DAG,678.6 -> 407.3,DG(40:10)|DG(39:3)_C16:1
437,DAG,680.6 -> 409.3,DG(40:9)|DG(39:2)_C16:1
438,DAG,682.6 -> 411.3,[TG(38:1)]_FA16:1 | DG(40:8)|DG(39:1)_C16:1
439,DAG,684.7 -> 413.3,DG(40:7)|DG(39:0)_C16:1
440,DAG,686.7 -> 415.4,DG(40:6)|DG(dO-40:0)_C16:1
441,DAG,688.6 -> 417.3,DG(40:5)_C16:1
442,DAG,690.6 -> 419.3,DG(40:4)_C16:1
443,DAG,692.6 -> 421.3,DG(40:3)_C16:1
444,DAG,694.6 -> 423.3,DG(40:2)_C16:1
445,DAG,696.7 -> 425.3,DG(40:1)_C16:1
446,DAG,698.7 -> 427.4,DG(41:7)|DG(40:0)_C16:1
447,DAG,700.6 -> 429.3,DG(41:6)_C16:1
448,DAG,702.6 -> 431.3,DG(41:5)_C16:1
449,DAG,704.6 -> 433.3,DG(42:11)|DG(41:4)_C16:1
450,DAG,706.6 -> 435.3,DG(42:10)|DG(41:3)_C16:1
451,DAG,708.7 -> 437.3,DG(42:9)|DG(41:2)_C16:1
452,DAG,710.7 -> 439.4,DG(42:8)|DG(41:1)_C16:1
453,DAG,712.7 -> 441.4,DG(42:7)|DG(41:0)_C16:1
454,DAG,714.6 -> 443.3,DG(42:6)_C16:1
455,DAG,716.6 -> 445.3,DG(42:5)_C16:1
456,DAG,718.6 -> 447.3,DG(42:4)_C16:1
457,DAG,720.7 -> 449.3,DG(42:3)_C16:1
458,DAG,722.7 -> 451.4,DG(42:2)_C16:1
459,DAG,724.7 -> 453.4,DG(42:1)_C16:1
460,DAG,728.6 -> 457.3,DG(43:6)_C16:1
461,DAG,730.6 -> 459.3,DG(44:12)|DG(43:5)_C16:1
462,DAG,732.7 -> 461.3,DG(44:11)|DG(43:4)_C16:1
463,DAG,734.7 -> 463.4,DG(44:10)|DG(43:3)_C16:1
464,DAG,736.7 -> 465.4,DG(44:9)|DG(43:2)_C16:1
465,DAG,738.7 -> 467.4,[TG(42:1)]_FA16:1 | DG(44:8)|DG(43:1)_C16:1
466,DAG,740.7 -> 469.4,DG(44:7)|DG(43:0)_C16:1
467,DAG,742.6 -> 471.3,DG(44:6)_C16:1
468,DAG,744.7 -> 473.3,DG(44:5)_C16:1
469,DAG,746.7 -> 475.4,DG(44:4)_C16:1
470,DAG,748.7 -> 477.4,DG(44:3)_C16:1
471,DAG,750.7 -> 479.4,[TG(43:2)]_FA16:1 | DG(44:2)_C16:1
472,DAG,752.7 -> 481.4,[TG(43:1)]_FA16:1 | DG(44:1)_C16:1
473,DAG,474.4 -> 173.1,DG(24:0)_C18:0
474,DAG,502.4 -> 201.1,DG(26:0)_C18:0
475,DAG,526.4 -> 225.1,DG(28:2)_C18:0
476,DAG,528.5 -> 227.2,DG(28:1)_C18:0
477,DAG,540.5 -> 239.2,DG(29:2)_C18:0
478,DAG,542.5 -> 241.2,DG(29:1)_C18:0
479,DAG,544.5 -> 243.2,DG(29:0)_C18:0
480,DAG,552.5 -> 251.2,DG(30:3)_C18:0
481,DAG,554.5 -> 253.2,DG(30:2)_C18:0
482,DAG,556.5 -> 255.2,DG(30:1)_C18:0
483,DAG,558.5 -> 257.2,DG(30:0)_C18:0
484,DAG,566.5 -> 265.2,DG(31:3)_C18:0
485,DAG,568.5 -> 267.2,DG(31:2)|DG(P-14:0/18:1)_C18:0
486,DAG,570.5 -> 269.2,DG(31:1)_C18:0
487,DAG,572.5 -> 271.2,DG(31:0)_C18:0
488,DAG,576.5 -> 275.2,DG(32:5)_C18:0
489,DAG,580.5 -> 279.2,DG(32:3)_C18:0
490,DAG,582.5 -> 281.2,DG(32:2)_C18:0
491,DAG,584.5 -> 283.2,DG(32:1)_C18:0
492,DAG,586.5 -> 285.2,DG(32:0)_C18:0
493,DAG,590.5 -> 289.2,DG(33:5)_C18:0
494,DAG,592.5 -> 291.2,DG(33:4)_C18:0
495,DAG,594.5 -> 293.2,DG(33:3)_C18:0
496,DAG,596.5 -> 295.2,DG(33:2)_C18:0
497,DAG,598.6 -> 297.3,DG(33:1)|DG(O-34:1)_C18:0
498,DAG,600.6 -> 299.3,DG(33:0)_C18:0
499,DAG,602.5 -> 301.2,DG(34:6)_C18:0
500,DAG,604.5 -> 303.2,DG(34:5)_C18:0
501,DAG,606.6 -> 305.3,DG(34:4)|DG(dO-36:4)_C18:0
502,DAG,608.5 -> 307.2,DG(34:3)_C18:0
503,DAG,610.5 -> 309.2,DG(34:2)_C18:0
504,DAG,612.6 -> 311.3,DG(34:1)_C18:0
505,DAG,614.6 -> 313.3,DG(34:0)_C18:0
506,DAG,616.5 -> 315.2,DG(35:6)_C18:0
507,DAG,618.5 -> 317.2,DG(35:5)_C18:0
508,DAG,620.6 -> 319.3,DG(35:4)|DG(O-36:4)|DG(dO-37:4)_C18:0
509,DAG,622.5 -> 321.2,DG(35:3)_C18:0
510,DAG,624.6 -> 323.3,DG(dO-38:9)|DG(35:2)_C18:0
511,DAG,626.6 -> 325.3,DG(36:8)|DG(35:1)_C18:0
512,DAG,628.6 -> 327.3,DG(36:7)|DG(35:0)_C18:0
513,DAG,630.5 -> 329.2,DG(36:6)_C18:0
514,DAG,632.5 -> 331.2,DG(36:5)_C18:0
515,DAG,634.6 -> 333.3,DG(36:4)|DG(O-37:4)_C18:0
516,DAG,636.6 -> 335.3,DG(36:3)_C18:0
517,DAG,638.6 -> 337.3,DG(O-38:9)|DG(36:2)_C18:0
518,DAG,640.6 -> 339.3,DG(O-38:8)|DG(36:1)_C18:0
519,DAG,642.6 -> 341.3,DG(37:7)|DG(36:0)_C18:0
520,DAG,644.5 -> 343.2,DG(37:6)_C18:0
521,DAG,646.5 -> 345.2,DG(37:5)_C18:0
522,DAG,648.6 -> 347.3,DG(37:4)_C18:0
523,DAG,650.6 -> 349.3,DG(37:3)_C18:0
524,DAG,652.6 -> 351.3,DG(38:9)|DG(dO-40:9)|DG(37:2)_C18:0
525,DAG,654.6 -> 353.3,DG(38:8)|DG(dO-40:8)|DG(37:1)_C18:0
526,DAG,656.6 -> 355.3,DG(38:7)|DG(37:0)_C18:0
527,DAG,658.6 -> 357.3,DG(38:6)|DG(dO-40:6)_C18:0
528,DAG,660.6 -> 359.3,DG(38:5)_C18:0
529,DAG,662.6 -> 361.3,DG(38:4)_C18:0
530,DAG,664.6 -> 363.3,DG(38:3)_C18:0
531,DAG,666.6 -> 365.3,DG(O-40:9)|DG(38:2)_C18:0
532,DAG,668.6 -> 367.3,DG(39:8)|DG(O-40:8)|DG(38:1)_C18:0
533,DAG,670.7 -> 369.4,DG(39:7)|DG(38:0)|DG(dO-40:0)_C18:0
534,DAG,672.6 -> 371.3,DG(39:6)_C18:0
535,DAG,674.6 -> 373.3,DG(39:5)_C18:0
536,DAG,676.6 -> 375.3,DG(39:4)_C18:0
537,DAG,678.6 -> 377.3,DG(40:10)|DG(39:3)_C18:0
538,DAG,680.6 -> 379.3,DG(40:9)|DG(39:2)_C18:0
539,DAG,682.6 -> 381.3,[TG(38:1)]_FA18:0 | DG(40:8)|DG(39:1)_C18:0
540,DAG,684.7 -> 383.3,DG(40:7)|DG(39:0)_C18:0
541,DAG,686.7 -> 385.4,DG(40:6)|DG(dO-40:0)_C18:0
542,DAG,688.6 -> 387.3,DG(40:5)_C18:0
543,DAG,690.6 -> 389.3,DG(40:4)_C18:0
544,DAG,692.6 -> 391.3,DG(40:3)_C18:0
545,DAG,694.6 -> 393.3,DG(40:2)_C18:0
546,DAG,696.7 -> 395.3,DG(40:1)_C18:0
547,DAG,698.7 -> 397.4,DG(41:7)|DG(40:0)_C18:0
548,DAG,700.6 -> 399.3,DG(41:6)_C18:0
549,DAG,702.6 -> 401.3,DG(41:5)_C18:0
550,DAG,704.6 -> 403.3,DG(42:11)|DG(41:4)_C18:0
551,DAG,706.6 -> 405.3,DG(42:10)|DG(41:3)_C18:0
552,DAG,708.7 -> 407.3,DG(42:9)|DG(41:2)_C18:0
553,DAG,710.7 -> 409.4,DG(42:8)|DG(41:1)_C18:0
554,DAG,712.7 -> 411.4,DG(42:7)|DG(41:0)_C18:0
555,DAG,714.6 -> 413.3,DG(42:6)_C18:0
556,DAG,716.6 -> 415.3,DG(42:5)_C18:0
557,DAG,718.6 -> 417.3,DG(42:4)_C18:0
558,DAG,720.7 -> 419.3,DG(42:3)_C18:0
559,DAG,722.7 -> 421.4,DG(42:2)_C18:0
560,DAG,724.7 -> 423.4,DG(42:1)_C18:0
561,DAG,726.7 -> 425.4,[TG(41:0)]_FA18:0 | DG(42:0)_C18:0
562,DAG,728.6 -> 427.3,DG(43:6)_C18:0
563,DAG,730.6 -> 429.3,DG(44:12)|DG(43:5)_C18:0
564,DAG,732.7 -> 431.3,DG(44:11)|DG(43:4)_C18:0
565,DAG,734.7 -> 433.4,DG(44:10)|DG(43:3)_C18:0
566,DAG,736.7 -> 435.4,DG(44:9)|DG(43:2)_C18:0
567,DAG,738.7 -> 437.4,[TG(42:1)]_FA18:0 | DG(44:8)|DG(43:1)_C18:0
568,DAG,740.7 -> 439.4,[TG(42:0)]_FA18:0 | DG(44:7)|DG(43:0)_C18:0
569,DAG,742.6 -> 441.3,DG(44:6)_C18:0
570,DAG,744.7 -> 443.3,DG(44:5)_C18:0
571,DAG,746.7 -> 445.4,DG(44:4)_C18:0
572,DAG,748.7 -> 447.4,DG(44:3)_C18:0
573,DAG,750.7 -> 449.4,[TG(43:2)]_FA18:0 | DG(44:2)_C18:0
574,DAG,752.7 -> 451.4,[TG(43:1)]_FA18:0 | DG(44:1)_C18:0
575,DAG,754.7 -> 453.4,[TG(43:0)]_FA18:0 | DG(44:0)_C18:0
576,DAG,526.4 -> 227.1,DG(28:2)_C18:1
577,DAG,528.5 -> 229.2,DG(28:1)_C18:1
578,DAG,540.5 -> 241.2,DG(29:2)_C18:1
579,DAG,542.5 -> 243.2,DG(29:1)_C18:1
580,DAG,552.5 -> 253.2,DG(30:3)_C18:1
581,DAG,554.5 -> 255.2,DG(30:2)_C18:1
582,DAG,556.5 -> 257.2,DG(30:1)_C18:1
583,DAG,566.5 -> 267.2,DG(31:3)_C18:1
584,DAG,568.5 -> 269.2,DG(31:2)|DG(P-14:0/18:1)_C18:1
585,DAG,570.5 -> 271.2,DG(31:1)_C18:1
586,DAG,576.5 -> 277.2,DG(32:5)_C18:1
587,DAG,580.5 -> 281.2,DG(32:3)_C18:1
588,DAG,582.5 -> 283.2,DG(32:2)_C18:1
589,DAG,584.5 -> 285.2,DG(32:1)_C18:1
590,DAG,590.5 -> 291.2,DG(33:5)_C18:1
591,DAG,592.5 -> 293.2,DG(33:4)_C18:1
592,DAG,594.5 -> 295.2,DG(33:3)_C18:1
593,DAG,596.5 -> 297.2,DG(33:2)_C18:1
594,DAG,598.6 -> 299.3,DG(33:1)|DG(O-34:1)_C18:1
595,DAG,602.5 -> 303.2,DG(34:6)_C18:1
596,DAG,604.5 -> 305.2,DG(34:5)_C18:1
597,DAG,606.6 -> 307.3,DG(34:4)|DG(dO-36:4)_C18:1
598,DAG,608.5 -> 309.2,DG(34:3)_C18:1
599,DAG,610.5 -> 311.2,DG(34:2)_C18:1
600,DAG,612.6 -> 313.3,DG(34:1)_C18:1
601,DAG,616.5 -> 317.2,DG(35:6)_C18:1
602,DAG,618.5 -> 319.2,DG(35:5)_C18:1
603,DAG,620.6 -> 321.3,DG(35:4)|DG(O-36:4)|DG(dO-37:4)_C18:1
604,DAG,622.5 -> 323.2,DG(35:3)_C18:1
605,DAG,624.6 -> 325.3,DG(dO-38:9)|DG(35:2)_C18:1
606,DAG,626.6 -> 327.3,DG(36:8)|DG(35:1)_C18:1
607,DAG,628.6 -> 329.3,DG(36:7)|DG(35:0)_C18:1
608,DAG,630.5 -> 331.2,DG(36:6)_C18:1
609,DAG,632.5 -> 333.2,DG(36:5)_C18:1
610,DAG,634.6 -> 335.3,DG(36:4)|DG(O-37:4)_C18:1
611,DAG,636.6 -> 337.3,DG(36:3)_C18:1
612,DAG,638.6 -> 339.3,DG(O-38:9)|DG(36:2)_C18:1
613,DAG,640.6 -> 341.3,DG(O-38:8)|DG(36:1)_C18:1
614,DAG,642.6 -> 343.3,DG(37:7)|DG(36:0)_C18:1
615,DAG,644.5 -> 345.2,DG(37:6)_C18:1
616,DAG,646.5 -> 347.2,DG(37:5)_C18:1
617,DAG,648.6 -> 349.3,DG(37:4)_C18:1
618,DAG,650.6 -> 351.3,DG(37:3)_C18:1
619,DAG,652.6 -> 353.3,DG(38:9)|DG(dO-40:9)|DG(37:2)_C18:1
620,DAG,654.6 -> 355.3,DG(38:8)|DG(dO-40:8)|DG(37:1)_C18:1
621,DAG,656.6 -> 357.3,DG(38:7)|DG(37:0)_C18:1
622,DAG,658.6 -> 359.3,DG(38:6)|DG(dO-40:6)_C18:1
623,DAG,660.6 -> 361.3,DG(38:5)_C18:1
624,DAG,662.6 -> 363.3,DG(38:4)_C18:1
625,DAG,664.6 -> 365.3,DG(38:3)_C18:1
626,DAG,666.6 -> 367.3,DG(O-40:9)|DG(38:2)_C18:1
627,DAG,668.6 -> 369.3,DG(39:8)|DG(O-40:8)|DG(38:1)_C18:1
628,DAG,670.7 -> 371.4,DG(39:7)|DG(38:0)|DG(dO-40:0)_C18:1
629,DAG,672.6 -> 373.3,DG(39:6)_C18:1
630,DAG,674.6 -> 375.3,DG(39:5)_C18:1
631,DAG,676.6 -> 377.3,DG(39:4)_C18:1
632,DAG,678.6 -> 379.3,DG(40:10)|DG(39:3)_C18:1
633,DAG,680.6 -> 381.3,DG(40:9)|DG(39:2)_C18:1
634,DAG,682.6 -> 383.3,[TG(38:1)]_FA18:1 | DG(40:8)|DG(39:1)_C18:1
635,DAG,684.7 -> 385.3,DG(40:7)|DG(39:0)_C18:1
636,DAG,686.7 -> 387.4,DG(40:6)|DG(dO-40:0)_C18:1
637,DAG,688.6 -> 389.3,DG(40:5)_C18:1
638,DAG,690.6 -> 391.3,DG(40:4)_C18:1
639,DAG,692.6 -> 393.3,DG(40:3)_C18:1
640,DAG,694.6 -> 395.3,DG(40:2)_C18:1
641,DAG,696.7 -> 397.3,DG(40:1)_C18:1
642,DAG,698.7 -> 399.4,DG(41:7)|DG(40:0)_C18:1
643,DAG,700.6 -> 401.3,DG(41:6)_C18:1
644,DAG,702.6 -> 403.3,DG(41:5)_C18:1
645,DAG,704.6 -> 405.3,DG(42:11)|DG(41:4)_C18:1
646,DAG,706.6 -> 407.3,DG(42:10)|DG(41:3)_C18:1
647,DAG,708.7 -> 409.3,DG(42:9)|DG(41:2)_C18:1
648,DAG,710.7 -> 411.4,DG(42:8)|DG(41:1)_C18:1
649,DAG,712.7 -> 413.4,DG(42:7)|DG(41:0)_C18:1
650,DAG,714.6 -> 415.3,DG(42:6)_C18:1
651,DAG,716.6 -> 417.3,DG(42:5)_C18:1
652,DAG,718.6 -> 419.3,DG(42:4)_C18:1
653,DAG,720.7 -> 421.3,DG(42:3)_C18:1
654,DAG,722.7 -> 423.4,DG(42:2)_C18:1
655,DAG,724.7 -> 425.4,DG(42:1)_C18:1
656,DAG,728.6 -> 429.3,DG(43:6)_C18:1
657,DAG,730.6 -> 431.3,DG(44:12)|DG(43:5)_C18:1
658,DAG,732.7 -> 433.3,DG(44:11)|DG(43:4)_C18:1
659,DAG,734.7 -> 435.4,DG(44:10)|DG(43:3)_C18:1
660,DAG,736.7 -> 437.4,DG(44:9)|DG(43:2)_C18:1
661,DAG,738.7 -> 439.4,[TG(42:1)]_FA18:1 | DG(44:8)|DG(43:1)_C18:1
662,DAG,740.7 -> 441.4,DG(44:7)|DG(43:0)_C18:1
663,DAG,742.6 -> 443.3,DG(44:6)_C18:1
664,DAG,744.7 -> 445.3,DG(44:5)_C18:1
665,DAG,746.7 -> 447.4,DG(44:4)_C18:1
666,DAG,748.7 -> 449.4,DG(44:3)_C18:1
667,DAG,750.7 -> 451.4,[TG(43:2)]_FA18:1 | DG(44:2)_C18:1
668,DAG,752.7 -> 453.4,[TG(43:1)]_FA18:1 | DG(44:1)_C18:1
669,DAG,526.4 -> 229.1,DG(28:2)_C18:2
670,DAG,540.5 -> 243.2,DG(29:2)_C18:2
671,DAG,552.5 -> 255.2,DG(30:3)_C18:2
672,DAG,554.5 -> 257.2,DG(30:2)_C18:2
673,DAG,566.5 -> 269.2,DG(31:3)_C18:2
674,DAG,568.5 -> 271.2,DG(31:2)|DG(P-14:0/18:1)_C18:2
675,DAG,576.5 -> 279.2,DG(32:5)_C18:2
676,DAG,580.5 -> 283.2,DG(32:3)_C18:2
677,DAG,582.5 -> 285.2,DG(32:2)_C18:2
678,DAG,590.5 -> 293.2,DG(33:5)_C18:2
679,DAG,592.5 -> 295.2,DG(33:4)_C18:2
680,DAG,594.5 -> 297.2,DG(33:3)_C18:2
681,DAG,596.5 -> 299.2,DG(33:2)_C18:2
682,DAG,602.5 -> 305.2,DG(34:6)_C18:2
683,DAG,604.5 -> 307.2,DG(34:5)_C18:2
684,DAG,606.6 -> 309.3,DG(34:4)|DG(dO-36:4)_C18:2
685,DAG,608.5 -> 311.2,DG(34:3)_C18:2
686,DAG,610.5 -> 313.2,DG(34:2)_C18:2
687,DAG,616.5 -> 319.2,DG(35:6)_C18:2
688,DAG,618.5 -> 321.2,DG(35:5)_C18:2
689,DAG,620.6 -> 323.3,DG(35:4)|DG(O-36:4)|DG(dO-37:4)_C18:2
690,DAG,622.5 -> 325.2,DG(35:3)_C18:2
691,DAG,624.6 -> 327.3,DG(dO-38:9)|DG(35:2)_C18:2
692,DAG,626.6 -> 329.3,DG(36:8)|DG(35:1)_C18:2
693,DAG,628.6 -> 331.3,DG(36:7)|DG(35:0)_C18:2
694,DAG,630.5 -> 333.2,DG(36:6)_C18:2
695,DAG,632.5 -> 335.2,DG(36:5)_C18:2
696,DAG,634.6 -> 337.3,DG(36:4)|DG(O-37:4)_C18:2
697,DAG,636.6 -> 339.3,DG(36:3)_C18:2
698,DAG,638.6 -> 341.3,DG(O-38:9)|DG(36:2)_C18:2
699,DAG,640.6 -> 343.3,DG(O-38:8)|DG(36:1)_C18:2
700,DAG,642.6 -> 345.3,DG(37:7)|DG(36:0)_C18:2
701,DAG,644.5 -> 347.2,DG(37:6)_C18:2
702,DAG,646.5 -> 349.2,DG(37:5)_C18:2
703,DAG,648.6 -> 351.3,DG(37:4)_C18:2
704,DAG,650.6 -> 353.3,DG(37:3)_C18:2
705,DAG,652.6 -> 355.3,DG(38:9)|DG(dO-40:9)|DG(37:2)_C18:2
706,DAG,654.6 -> 357.3,DG(38:8)|DG(dO-40:8)|DG(37:1)_C18:2
707,DAG,656.6 -> 359.3,DG(38:7)|DG(37:0)_C18:2
708,DAG,658.6 -> 361.3,DG(38:6)|DG(dO-40:6)_C18:2
709,DAG,660.6 -> 363.3,DG(38:5)_C18:2
710,DAG,662.6 -> 365.3,DG(38:4)_C18:2
711,DAG,664.6 -> 367.3,DG(38:3)_C18:2
712,DAG,666.6 -> 369.3,DG(O-40:9)|DG(38:2)_C18:2
713,DAG,668.6 -> 371.3,DG(39:8)|DG(O-40:8)|DG(38:1)_C18:2
714,DAG,670.7 -> 373.4,DG(39:7)|DG(38:0)|DG(dO-40:0)_C18:2
715,DAG,672.6 -> 375.3,DG(39:6)_C18:2
716,DAG,674.6 -> 377.3,DG(39:5)_C18:2
717,DAG,676.6 -> 379.3,DG(39:4)_C18:2
718,DAG,678.6 -> 381.3,DG(40:10)|DG(39:3)_C18:2
719,DAG,680.6 -> 383.3,DG(40:9)|DG(39:2)_C18:2
720,DAG,682.6 -> 385.3,DG(40:8)|DG(39:1)_C18:2
721,DAG,684.7 -> 387.3,DG(40:7)|DG(39:0)_C18:2
722,DAG,686.7 -> 389.4,DG(40:6)|DG(dO-40:0)_C18:2
723,DAG,688.6 -> 391.3,DG(40:5)_C18:2
724,DAG,690.6 -> 393.3,DG(40:4)_C18:2
725,DAG,692.6 -> 395.3,DG(40:3)_C18:2
726,DAG,694.6 -> 397.3,DG(40:2)_C18:2
727,DAG,698.7 -> 401.4,DG(41:7)|DG(40:0)_C18:2
728,DAG,700.6 -> 403.3,DG(41:6)_C18:2
729,DAG,702.6 -> 405.3,DG(41:5)_C18:2
730,DAG,704.6 -> 407.3,DG(42:11)|DG(41:4)_C18:2
731,DAG,706.6 -> 409.3,DG(42:10)|DG(41:3)_C18:2
732,DAG,708.7 -> 411.3,DG(42:9)|DG(41:2)_C18:2
733,DAG,710.7 -> 413.4,DG(42:8)|DG(41:1)_C18:2
734,DAG,712.7 -> 415.4,DG(42:7)|DG(41:0)_C18:2
735,DAG,714.6 -> 417.3,DG(42:6)_C18:2
736,DAG,716.6 -> 419.3,DG(42:5)_C18:2
737,DAG,718.6 -> 421.3,DG(42:4)_C18:2
738,DAG,720.7 -> 423.3,DG(42:3)_C18:2
739,DAG,722.7 -> 425.4,DG(42:2)_C18:2
740,DAG,728.6 -> 431.3,DG(43:6)_C18:2
741,DAG,730.6 -> 433.3,DG(44:12)|DG(43:5)_C18:2
742,DAG,732.7 -> 435.3,DG(44:11)|DG(43:4)_C18:2
743,DAG,734.7 -> 437.4,DG(44:10)|DG(43:3)_C18:2
744,DAG,736.7 -> 439.4,DG(44:9)|DG(43:2)_C18:2
745,DAG,738.7 -> 441.4,DG(44:8)|DG(43:1)_C18:2
746,DAG,740.7 -> 443.4,DG(44:7)|DG(43:0)_C18:2
747,DAG,742.6 -> 445.3,DG(44:6)_C18:2
748,DAG,744.7 -> 447.3,DG(44:5)_C18:2
749,DAG,746.7 -> 449.4,DG(44:4)_C18:2
750,DAG,748.7 -> 451.4,DG(44:3)_C18:2
751,DAG,750.7 -> 453.4,[TG(43:2)]_FA18:2 | DG(44:2)_C18:2
752,FA,59.0 -> 59.0,FA(2:0)
753,FA,71.0 -> 71.0,FA(3:1)
754,FA,73.0 -> 73.0,FA(3:0)
755,FA,85.0 -> 85.0,FA(4:1)
756,FA,87.0 -> 87.0,FA(4:0)
757,FA,97.0 -> 97.0,FA(5:2)
758,FA,99.0 -> 99.0,FA(5:1)
759,FA,101.1 -> 101.1,FA(5:0)
760,FA,111.0 -> 111.0,FA(6:2)
761,FA,113.1 -> 113.1,FA(6:1)
762,FA,115.1 -> 115.1,FA(6:0)
763,FA,123.0 -> 123.0,FA(7:3)
764,FA,125.1 -> 125.1,FA(7:2)
765,FA,127.1 -> 127.1,FA(7:1)
766,FA,129.1 -> 129.1,FA(7:0)
767,FA,131.0 -> 131.0,FA(8:6)
768,FA,133.0 -> 133.0,FA(8:5)
769,FA,139.1 -> 139.1,FA(8:2)
770,FA,141.1 -> 141.1,FA(8:1)
771,FA,143.1 -> 143.1,FA(8:0)
772,FA,153.1 -> 153.1,FA(9:2)
773,FA,155.1 -> 155.1,FA(9:1)
774,FA,157.0 -> 157.0,FA(9:0) | FA(10:7)
775,FA,157.1 -> 157.1,FA(9:0) | FA(10:7)
776,FA,159.0 -> 159.0,FA(10:6)
777,FA,161.1 -> 161.1,FA(10:5)
778,FA,163.1 -> 163.1,FA(10:4)
779,FA,165.1 -> 165.1,FA(10:3)
780,FA,167.1 -> 167.1,FA(10:2)
781,FA,169.1 -> 169.1,FA(10:1)
782,FA,171.1 -> 171.1,FA(10:0) | FA(10:0)
783,FA,173.1 -> 173.1,FA(11:6)
784,FA,181.1 -> 181.1,FA(11:2)
785,FA,183.1 -> 183.1,FA(11:1)
786,FA,185.2 -> 185.1,FA(11:0)
787,FA,187.1 -> 187.1,FA(12:6)
788,FA,189.1 -> 189.1,FA(12:5)
789,FA,191.1 -> 191.1,FA(12:4)
790,FA,195.1 -> 195.1,FA(12:2)
793,FA,209.2 -> 209.1,FA(13:2)
794,FA,211.2 -> 211.2,FA(13:1)
795,FA,213.1 -> 213.1,FA(13:0) | FA(14:7)
796,FA,213.2 -> 213.2,FA(13:0) | FA(14:7)
797,FA,215.1 -> 215.1,FA(14:6)
798,FA,217.1 -> 217.1,FA(14:5)
799,FA,219.1 -> 219.1,FA(14:4)
800,FA,223.2 -> 223.2,FA(14:2)
803,FA,229.1 -> 229.1,FA(15:6)
804,FA,231.1 -> 231.1,FA(15:5)
805,FA,235.2 -> 235.2,FA(15:3)
806,FA,237.2 -> 237.2,FA(15:2)
810,FA,243.1 -> 243.1,FA(16:6)
811,FA,245.2 -> 245.1,FA(16:5)
812,FA,247.2 -> 247.2,FA(16:4)
813,FA,249.2 -> 249.2,FA(16:3)
814,FA,251.2 -> 251.2,FA(16:2)
817,FA,257.2 -> 257.1,FA(17:6)
818,FA,261.2 -> 261.2,FA(17:4)
819,FA,263.2 -> 263.2,FA(17:3)
820,FA,265.2 -> 265.2,FA(17:2)
824,FA,271.2 -> 271.2,FA(18:6)
825,FA,273.2 -> 273.2,FA(18:5)
831,FA,285.2 -> 285.2,FA(19:6)
832,FA,287.2 -> 287.2,FA(19:5)
833,FA,289.2 -> 289.2,FA(19:4)
834,FA,293.2 -> 293.2,FA(19:2)
835,FA,295.3 -> 295.3,FA(19:1)
837,FA,299.2 -> 299.2,FA(20:6)
841,FA,307.3 -> 307.3,FA(20:2)
844,FA,315.2 -> 315.2,FA(21:5)
845,FA,319.3 -> 319.3,FA(21:3)
846,FA,321.3 -> 321.3,FA(21:2)
847,FA,323.3 -> 323.3,FA(21:1)
848,FA,325.2 -> 325.2,FA(22:7)
849,FA,325.3 -> 325.3,FA(21:0)
853,FA,333.3 -> 333.3,FA(22:3)
854,FA,335.3 -> 335.3,FA(22:2)
857,FA,341.2 -> 341.2,FA(23:6)
858,FA,343.2 -> 343.2,FA(24:12)
859,FA,347.2 -> 347.2,FA(24:10)
860,FA,351.3 -> 351.3,FA(23:1)
864,FA,357.3 -> 357.3,FA(24:5)
865,FA,359.3 -> 359.3,FA(24:4)
866,FA,361.3 -> 361.3,FA(24:3)
867,FA,363.3 -> 363.3,FA(24:2)
870,FA,373.3 -> 373.3,FA(25:4)
871,FA,379.4 -> 379.4,FA(25:1)
872,FA,381.4 -> 381.4,FA(25:0)
873,FA,383.3 -> 383.3,FA(26:6)
874,FA,385.3 -> 385.3,FA(26:5)
875,FA,387.3 -> 387.3,FA(26:4)
876,FA,389.3 -> 389.3,FA(26:3)
877,FA,391.4 -> 391.4,FA(26:2)
880,FA,401.3 -> 401.3,FA(27:4)
881,FA,403.4 -> 403.4,FA(27:3)
882,FA,405.4 -> 405.4,FA(27:2)
883,FA,407.4 -> 407.4,FA(27:1)
884,FA,409.3 -> 409.3,FA(27:0) | FA(28:7)
885,FA,409.4 -> 409.4,FA(27:0) | FA(28:7)
886,FA,411.3 -> 411.3,FA(28:6)
887,FA,413.3 -> 413.3,FA(28:5)
888,FA,415.4 -> 415.4,FA(28:4)
889,FA,417.4 -> 417.4,FA(28:3)
890,FA,419.4 -> 419.4,FA(28:2)
891,FA,421.4 -> 421.4,FA(28:1)
893,FA,431.4 -> 431.4,FA(29:3)
894,FA,433.4 -> 433.4,FA(29:2)
895,FA,435.4 -> 435.4,FA(29:1)
896,FA,437.4 -> 437.4,FA(29:0)
897,FA,439.4 -> 439.4,FA(30:6)
898,FA,441.4 -> 441.4,FA(30:5)
899,FA,443.4 -> 443.4,FA(30:4)
900,FA,445.4 -> 445.4,FA(30:3)
901,FA,447.4 -> 447.4,FA(30:2)
902,FA,449.4 -> 449.4,FA(30:1)
903,FA,465.5 -> 465.5,FA(31:0)
904,FA,467.4 -> 467.4,FA(32:6)
905,FA,469.4 -> 469.4,FA(32:5)
906,FA,471.4 -> 471.4,FA(32:4)
907,FA,477.5 -> 477.5,FA(32:1)
909,FA,493.5 -> 493.5,FA(33:0)
910,FA,495.4 -> 495.4,FA(34:6)
911,FA,497.4 -> 497.4,FA(34:5)
912,FA,505.5 -> 505.5,FA(34:1)
914,FA,521.5 -> 521.5,FA(35:0)
915,FA,525.5 -> 525.5,FA(36:5)
916,FA,527.5 -> 527.5,FA(36:4)
917,FA,535.5 -> 535.5,FA(36:0)
918,FA,549.6 -> 549.6,FA(37:0)
919,FA,551.5 -> 551.5,FA(38:6)
920,FA,553.5 -> 553.5,FA(38:5)
921,FA,555.5 -> 555.5,FA(38:4)
922,FA,563.6 -> 563.6,FA(38:0)
923,FA,579.5 -> 579.5,FA(40:6)
924,FA,607.5 -> 607.5,FA(42:6)
925,FA,675.7 -> 675.7,FA(46:0)
934,PC,396.3 -> 184.1,LPC(O-10:1)
938,PC,438.3 -> 184.1,PC(O-12:1)
940,PC,446.2 -> 184.1,PC(12:4)
941,PC,452.3 -> 184.1,PC(O-13:1)|LPC(P-14:0)
949,PC,502.3 -> 184.1,PC(16:4)
958,PC,530.4 -> 184.1,LPC(O-20:4)
969,PC,564.4 -> 184.1,PC(20:1)|PC(O-21:1)
977,PC,592.4 -> 184.1,PC(22:1)
978,PC,594.4 -> 184.1,PC(22:0)
981,PC,622.4 -> 184.1,PC(24:0)
982,PC,636.5 -> 184.1,PC(25:0)
983,PC,648.5 -> 184.1,PC(26:1)
984,PC,650.5 -> 184.1,PC(26:0)
985,PC,662.5 -> 184.1,PC(27:1)|PC(P-28:0)
986,PC,664.5 -> 184.1,PC(27:0)|PC(O-28:0)
987,PC,674.5 -> 184.1,PC(28:2)
988,PC,676.5 -> 184.1,PC(28:1)|PC(P-29:0)
989,PC,678.5 -> 184.1,PC(28:0)|PC(O-29:0)
990,PC,688.5 -> 184.1,PC(29:2)|PC(P-30:1)
991,PC,690.5 -> 184.1,PC(29:1)|PC(O-30:1)|PC(P-30:0)
992,PC,692.6 -> 184.1,PC(29:0)|PC(O-30:0)
993,PC,698.5 -> 184.1,PC(30:4)
994,PC,700.5 -> 184.1,PC(30:3)
998,PC,712.5 -> 184.1,PC(31:4)
1078,PC,876.6 -> 184.1,PC(43:6)
1082,PC,884.7 -> 184.1,PC(43:2)
1100,PC,1018.7 -> 184.1,PC(54:12)
1101,PC,1046.8 -> 184.1,PC(56:12)
1102,PC,1052.8 -> 184.1,PC(56:9)
1103,PC,1054.8 -> 184.1,PC(56:8)
1105,PE,412.2 -> 271.2,PE(12:0)|LPE(13:0)
1109,PE,440.3 -> 299.3,LPE(O-16:0)
1111,PE,464.3 -> 323.3,LPE(17:2)
1118,PE,488.3 -> 347.3,LPE(O-20:4)
1129,PE,528.3 -> 387.3,LPE(22:5)
1134,PE,554.3 -> 413.3,LPE(24:6)
1135,PE,564.4 -> 423.4,LPE(24:1)
1137,PE,594.4 -> 453.4,PE(25:0)
1153,PE,670.4 -> 529.4,PE(31:4)
1154,PE,672.5 -> 531.5,PE(31:3)
1176,PE,720.6 -> 579.6,PE(34:0)|PE(O-35:0)
1188,PE,744.6 -> 603.6,PE(O-38:9)|PE(36:2)|PE(O-37:2)|PE(P-37:1)
1200,PE,768.6 -> 627.6,PE(38:4)
1210,PE,792.7 -> 651.7,PE(40:6)|PE(dO-40:0)
1230,PE,834.6 -> 693.6,PE(43:6)
1232,PE,838.6 -> 697.6,PE(43:4)
1233,PE,840.6 -> 699.6,PE(44:10)
1234,PE,842.7 -> 701.7,PE(43:2)
1276,PG,642.0 -> 453.0,PG(25:0)
1279,PG,668.0 -> 479.0,PG(27:1)|PG(P-28:0)
1280,PG,670.0 -> 481.0,PG(27:0)|PG(O-28:0)
1283,PG,684.0 -> 495.0,PG(28:0)|PG(O-29:0)
1284,PG,694.0 -> 505.0,PG(29:2)|PG(P-30:1)
1285,PG,696.0 -> 507.0,PG(29:1)|PG(O-30:1)|PG(P-30:0)
1286,PG,698.0 -> 509.0,PG(29:0)|PG(O-30:0)
1289,PG,708.0 -> 519.0,PG(30:2)|PG(P-31:1)
1290,PG,710.0 -> 521.0,PG(30:1)|PG(O-31:1)|PG(P-31:0)
1291,PG,712.0 -> 523.0,PG(30:0)|PG(O-31:0)
1292,PG,718.0 -> 529.0,PG(31:4)
1293,PG,720.0 -> 531.0,PG(31:3)
1294,PG,722.0 -> 533.0,PG(31:2)|PG(P-32:1)
1295,PG,724.0 -> 535.0,PG(31:1)|PG(O-32:1)|PG(P-32:0)
1296,PG,726.0 -> 537.0,PG(31:0)|PG(O-32:0)
1298,PG,732.0 -> 543.0,PG(32:4)
1299,PG,734.0 -> 545.0,PG(32:3)|PG(P-33:2)
1300,PG,736.0 -> 547.0,PG(32:2)|PG(O-33:2)|PG(P-33:1)
1301,PG,738.0 -> 549.0,PG(32:1)|PG(O-33:1)|PG(P-33:0)
1302,PG,740.0 -> 551.0,PG(32:0)|PG(O-33:0)
1303,PG,744.0 -> 555.0,PG(33:5)|PG(P-34:4)
1304,PG,746.0 -> 557.0,PG(33:4)|PG(O-34:4)|PG(P-34:3)
1305,PG,748.0 -> 559.0,PG(33:3)|PG(O-34:3)|PG(P-34:2)
1306,PG,750.0 -> 561.0,PG(33:2)|PG(O-34:2)|PG(P-34:1)
1307,PG,752.0 -> 563.0,PG(33:1)|PG(O-34:1)|PG(P-34:0)
1308,PG,754.0 -> 565.0,PG(33:0)|PG(O-34:0)
1309,PG,756.0 -> 567.0,PG(34:6)
1310,PG,758.0 -> 569.0,PG(34:5)
1311,PG,760.0 -> 571.0,PG(34:4)
1312,PG,762.0 -> 573.0,PG(34:3)|PG(P-35:2)
1313,PG,764.0 -> 575.0,PG(O-35:2)|PG(P-35:1)
1314,PG,766.0 -> 577.0,PG(O-35:1)|PG(P-35:0)
1315,PG,768.0 -> 579.0,PG(34:0)|PG(O-35:0)
1316,PG,770.0 -> 581.0,PG(35:6)|PG(P-36:5)
1317,PG,772.0 -> 583.0,PG(35:5)|PG(O-36:5)|PG(P-36:4)
1318,PG,774.0 -> 585.0,PG(35:4)|PG(O-36:4)|PG(P-36:3)
1319,PG,776.0 -> 587.0,PG(35:3)|PG(O-36:3)|PG(P-36:2)
1320,PG,778.0 -> 589.0,PG(35:2)|PG(O-36:2)|PG(P-36:1)
1321,PG,780.0 -> 591.0,PG(36:8)|PG(35:1)|PG(O-36:1)|PG(P-36:0)
1322,PG,782.0 -> 593.0,PG(36:7)|PG(35:0)|PG(O-36:0)
1323,PG,784.0 -> 595.0,PG(36:6)
1324,PG,786.0 -> 597.0,PG(36:5)
1325,PG,788.0 -> 599.0,PG(36:4)
1326,PG,790.0 -> 601.0,PG(36:3)|PG(P-37:2)
1327,PG,792.0 -> 603.0,PG(O-37:2)|PG(P-37:1)
1328,PG,794.0 -> 605.0,PG(36:1)|PG(O-37:1)|PG(P-37:0)
1329,PG,796.0 -> 607.0,PG(37:7)|PG(P-38:6)|PG(36:0)|PG(O-37:0)
1330,PG,798.0 -> 609.0,PG(37:6)|PG(O-38:6)|PG(P-38:5)
1331,PG,800.0 -> 611.0,PG(37:5)|PG(O-38:5)|PG(P-38:4)
1332,PG,802.0 -> 613.0,PG(37:4)|PG(O-38:4)|PG(P-38:3)
1333,PG,804.0 -> 615.0,PG(37:3)|PG(O-38:3)|PG(P-38:2)
1334,PG,806.0 -> 617.0,PG(38:9)|PG(37:2)|PG(O-38:2)|PG(P-38:1)
1335,PG,808.0 -> 619.0,PG(38:8)|PG(37:1)|PG(O-38:1)|PG(P-38:0)
1336,PG,810.0 -> 621.0,PG(38:7)|PG(37:0)|PG(O-38:0)
1337,PG,812.0 -> 623.0,PG(38:6)
1338,PG,814.0 -> 625.0,PG(38:5)
1339,PG,816.0 -> 627.0,PG(38:4)
1340,PG,818.0 -> 629.0,PG(38:3)
1341,PG,820.0 -> 631.0,PG(38:2)|PG(P-39:1)
1342,PG,822.0 -> 633.0,PG(39:8)|PG(38:1)|PG(O-39:1)|PG(P-39:0)
1343,PG,824.0 -> 635.0,PG(39:7)|PG(P-40:6)|PG(38:0)|PG(O-39:0)
1344,PG,826.0 -> 637.0,PG(39:6)|PG(O-40:6)|PG(P-40:5)
1345,PG,828.0 -> 639.0,PG(39:5)|PG(O-40:5)|PG(P-40:4)
1346,PG,830.0 -> 641.0,PG(39:4)|PG(O-40:4)|PG(P-40:3)
1347,PG,832.0 -> 643.0,PG(40:10)|PG(39:3)|PG(O-40:3)|PG(P-40:2)
1348,PG,834.0 -> 645.0,PG(40:9)|PG(39:2)|PG(O-40:2)|PG(P-40:1)
1349,PG,836.0 -> 647.0,PG(39:1)|PG(O-40:1)|PG(P-40:0)
1350,PG,838.0 -> 649.0,PG(40:7)|PG(39:0)|PG(O-40:0)
1351,PG,840.0 -> 651.0,PG(40:6)
1352,PG,842.0 -> 653.0,PG(40:5)
1353,PG,844.0 -> 655.0,PG(40:4)
1354,PG,846.0 -> 657.0,PG(40:3)
1355,PG,848.0 -> 659.0,PG(40:2)
1356,PG,850.0 -> 661.0,PG(40:1)|PG(P-41:0)
1357,PG,852.0 -> 663.0,PG(41:7)|PG(P-42:6)|PG(40:0)|PG(O-41:0)
1358,PG,854.0 -> 665.0,PG(41:6)|PG(O-42:6)
1359,PG,856.0 -> 667.0,PG(41:5)|PG(P-42:4)
1360,PG,858.0 -> 669.0,PG(42:11)|PG(41:4)|PG(O-42:4)
1361,PG,860.0 -> 671.0,PG(42:10)|PG(41:3)|PG(P-42:2)
1362,PG,862.0 -> 673.0,PG(42:9)|PG(41:2)|PG(O-42:2)|PG(P-42:1)
1363,PG,864.0 -> 675.0,PG(42:8)|PG(41:1)|PG(O-42:1)|PG(P-42:0)
1364,PG,866.0 -> 677.0,PG(42:7)|PG(41:0)|PG(O-42:0)
1365,PG,868.0 -> 679.0,PG(42:6)
1366,PG,870.0 -> 681.0,PG(42:5)
1367,PG,872.0 -> 683.0,PG(42:4)
1368,PG,874.0 -> 685.0,PG(42:3)
1369,PG,876.0 -> 687.0,PG(42:2)
1370,PG,878.0 -> 689.0,PG(42:1)
1371,PG,880.0 -> 691.0,PG(42:0)
1372,PG,882.0 -> 693.0,PG(43:6)
1373,PG,884.0 -> 695.0,PG(44:12)
1374,PG,886.0 -> 697.0,PG(43:4)
1375,PG,888.0 -> 699.0,PG(44:10)
1376,PG,890.0 -> 701.0,PG(43:2)
1377,PG,892.0 -> 703.0,PG(44:8)|PG(43:1)
1378,PG,894.0 -> 705.0,PG(44:7)|PG(43:0)
1379,PG,896.0 -> 707.0,PG(44:6)
1380,PG,898.0 -> 709.0,PG(44:5)
1381,PG,900.0 -> 711.0,PG(44:4)
1382,PG,902.0 -> 713.0,PG(44:3)
1383,PG,904.0 -> 715.0,PG(44:2)
1384,PG,906.0 -> 717.0,PG(44:1)
1385,PG,908.0 -> 719.0,PG(44:0)
1417,PI,730.4 -> 453.4,PI(25:0)
1433,PI,806.4 -> 529.4,PI(31:4)
1434,PI,808.5 -> 531.5,PI(31:3)
1512,PI,970.6 -> 693.6,PI(43:6)
1514,PI,974.6 -> 697.6,PI(43:4)
1516,PI,978.7 -> 701.7,PI(43:2)
1517,PI,978.7 -> 701.7,PI(43:2)
1553,PS,638.4 -> 453.4,PS(25:0)
1569,PS,714.4 -> 529.4,PS(31:4)
1645,PS,878.6 -> 693.6,PS(43:6)
1646,PS,880.5 -> 695.5,PS(44:12)
1647,PS,882.6 -> 697.6,PS(43:4)
1657,TAG,670.6 -> 425.4,[TG(37:0)]_FA14:0
1658,TAG,682.6 -> 437.4,[TG(38:1)]_FA14:0
1659,TAG,684.6 -> 439.4,[TG(38:0)]_FA14:0
1660,TAG,696.6 -> 451.4,[TG(39:1)]_FA14:0
1661,TAG,698.6 -> 453.4,[TG(39:0)]_FA14:0
1662,TAG,708.6 -> 463.4,[TG(40:2)]_FA14:0
1663,TAG,710.6 -> 465.4,[TG(40:1)]_FA14:0
1664,TAG,712.6 -> 467.4,[TG(40:0)]_FA14:0
1665,TAG,722.6 -> 477.4,[TG(41:2)]_FA14:0
1666,TAG,724.6 -> 479.4,[TG(41:1)]_FA14:0
1667,TAG,726.7 -> 481.5,[TG(41:0)]_FA14:0
1668,TAG,732.6 -> 487.4,[TG(42:4)]_FA14:0
1669,TAG,734.6 -> 489.4,[TG(42:3)]_FA14:0
1670,TAG,736.6 -> 491.4,[TG(42:2)]_FA14:0
1671,TAG,738.7 -> 493.5,[TG(42:1)]_FA14:0
1672,TAG,740.7 -> 495.5,[TG(42:0)]_FA14:0
1673,TAG,746.6 -> 501.4,[TG(43:4)]_FA14:0
1674,TAG,748.6 -> 503.4,[TG(43:3)]_FA14:0
1675,TAG,750.7 -> 505.5,[TG(43:2)]_FA14:0
1676,TAG,752.7 -> 507.5,[TG(43:1)]_FA14:0
1677,TAG,754.7 -> 509.5,[TG(43:0)]_FA14:0
1678,TAG,758.6 -> 513.4,[TG(44:5)]_FA14:0
1679,TAG,760.6 -> 515.4,[TG(44:4)]_FA14:0
1680,TAG,762.7 -> 517.5,[TG(44:3)]_FA14:0
1681,TAG,764.7 -> 519.5,[TG(44:2)]_FA14:0
1682,TAG,766.7 -> 521.5,[TG(44:1)]_FA14:0
1683,TAG,768.7 -> 523.5,[TG(44:0)|TG(O-45:0)]_FA14:0
1684,TAG,772.6 -> 527.4,[TG(45:5)]_FA14:0
1685,TAG,774.7 -> 529.5,[TG(45:4)]_FA14:0
1686,TAG,776.7 -> 531.5,[TG(45:3)]_FA14:0
1687,TAG,778.7 -> 533.5,[TG(45:2)]_FA14:0
1688,TAG,780.7 -> 535.5,[TG(45:1)]_FA14:0
1689,TAG,782.7 -> 537.5,[TG(45:0)]_FA14:0
1690,TAG,784.6 -> 539.4,[TG(46:6)]_FA14:0
1691,TAG,786.7 -> 541.5,[TG(46:5)]_FA14:0
1692,TAG,788.7 -> 543.5,[TG(46:4)]_FA14:0
1693,TAG,790.7 -> 545.5,[TG(46:3)]_FA14:0
1694,TAG,792.7 -> 547.5,[TG(46:2)]_FA14:0
1695,TAG,794.7 -> 549.5,[TG(46:1)]_FA14:0
1696,TAG,796.7 -> 551.5,[TG(46:0)]_FA14:0
1697,TAG,798.7 -> 553.5,[TG(47:6)]_FA14:0
1698,TAG,800.7 -> 555.5,[TG(47:5)]_FA14:0
1699,TAG,802.7 -> 557.5,[TG(47:4)]_FA14:0
1700,TAG,804.7 -> 559.5,[TG(47:3)]_FA14:0
1701,TAG,806.7 -> 561.5,[TG(47:2)]_FA14:0
1702,TAG,808.7 -> 563.5,[TG(48:8)|TG(47:1)]_FA14:0
1703,TAG,810.8 -> 565.6,[TG(48:7)|TG(47:0)]_FA14:0
1704,TAG,812.7 -> 567.5,[TG(48:6)]_FA14:0
1705,TAG,814.7 -> 569.5,[TG(48:5)]_FA14:0
1706,TAG,816.7 -> 571.5,[TG(48:4)]_FA14:0
1707,TAG,818.7 -> 573.5,[TG(48:3)]_FA14:0
1708,TAG,820.7 -> 575.5,[TG(48:2)]_FA14:0
1709,TAG,822.8 -> 577.6,[TG(49:8)|TG(48:1)]_FA14:0
1710,TAG,824.8 -> 579.6,[TG(49:7)|TG(48:0)]_FA14:0
1711,TAG,826.7 -> 581.5,[TG(49:6)]_FA14:0
1712,TAG,828.7 -> 583.5,[TG(49:5)]_FA14:0
1713,TAG,830.7 -> 585.5,[TG(49:4)]_FA14:0
1714,TAG,832.7 -> 587.5,[TG(49:3)]_FA14:0
1715,TAG,834.8 -> 589.6,[TG(50:9)|TG(49:2)]_FA14:0
1716,TAG,836.8 -> 591.6,[TG(50:8)|TG(49:1)]_FA14:0
1717,TAG,838.8 -> 593.6,[TG(50:7)|TG(49:0)]_FA14:0
1718,TAG,840.7 -> 595.5,[TG(50:6)]_FA14:0
1719,TAG,842.7 -> 597.5,[TG(50:5)]_FA14:0
1720,TAG,844.7 -> 599.5,[TG(50:4)]_FA14:0
1721,TAG,846.8 -> 601.6,[TG(50:3)]_FA14:0
1722,TAG,848.8 -> 603.6,[TG(51:9)|TG(50:2)]_FA14:0
1723,TAG,850.8 -> 605.6,[TG(51:8)|TG(50:1)]_FA14:0
1724,TAG,852.8 -> 607.6,[TG(51:7)|TG(50:0)]_FA14:0
1725,TAG,854.7 -> 609.5,[TG(51:6)]_FA14:0
1726,TAG,856.7 -> 611.5,[TG(51:5)]_FA14:0
1727,TAG,858.8 -> 613.6,[TG(51:4)]_FA14:0
1728,TAG,860.8 -> 615.6,[TG(52:10)|TG(51:3)]_FA14:0
1729,TAG,862.8 -> 617.6,[TG(52:9)|TG(51:2)]_FA14:0
1730,TAG,864.8 -> 619.6,[TG(52:8)|TG(51:1)]_FA14:0
1731,TAG,866.8 -> 621.6,[TG(52:7)|TG(51:0)]_FA14:0
1732,TAG,868.7 -> 623.5,[TG(52:6)]_FA14:0
1733,TAG,870.8 -> 625.6,[TG(52:5)]_FA14:0
1734,TAG,872.8 -> 627.6,[TG(52:4)]_FA14:0
1735,TAG,874.8 -> 629.6,[TG(53:10)|TG(52:3)]_FA14:0
1736,TAG,876.8 -> 631.6,[TG(53:9)|TG(52:2)]_FA14:0
1737,TAG,878.8 -> 633.6,[TG(53:8)|TG(52:1)]_FA14:0
1738,TAG,880.8 -> 635.6,[TG(53:7)|TG(52:0)]_FA14:0
1739,TAG,882.8 -> 637.6,[TG(53:6)]_FA14:0
1740,TAG,884.8 -> 639.6,[TG(54:12)|TG(53:5)]_FA14:0
1741,TAG,886.8 -> 641.6,[TG(54:11)|TG(53:4)]_FA14:0
1742,TAG,888.8 -> 643.6,[TG(54:10)|TG(53:3)]_FA14:0
1743,TAG,890.8 -> 645.6,[TG(54:9)|TG(53:2)]_FA14:0
1744,TAG,892.8 -> 647.6,[TG(54:8)|TG(53:1)]_FA14:0
1745,TAG,894.8 -> 649.6,[TG(54:7)|TG(53:0)]_FA14:0
1746,TAG,896.8 -> 651.6,[TG(54:6)]_FA14:0
1747,TAG,898.8 -> 653.6,[TG(54:5)]_FA14:0
1748,TAG,900.8 -> 655.6,[TG(55:11)|TG(54:4)]_FA14:0
1749,TAG,902.8 -> 657.6,[TG(55:10)|TG(54:3)]_FA14:0
1750,TAG,904.8 -> 659.6,[TG(55:9)|TG(54:2)]_FA14:0
1751,TAG,906.8 -> 661.6,[TG(55:8)|TG(54:1)]_FA14:0
1752,TAG,908.9 -> 663.7,[TG(55:7)|TG(54:0)]_FA14:0
1753,TAG,910.8 -> 665.6,[TG(56:13)|TG(55:6)]_FA14:0
1754,TAG,912.8 -> 667.6,[TG(56:12)|TG(55:5)]_FA14:0
1755,TAG,914.8 -> 669.6,[TG(56:11)|TG(55:4)]_FA14:0
1756,TAG,916.8 -> 671.6,[TG(56:10)|TG(55:3)]_FA14:0
1757,TAG,918.8 -> 673.6,[TG(56:9)|TG(55:2)]_FA14:0
1758,TAG,920.9 -> 675.7,[TG(56:8)|TG(55:1)]_FA14:0
1759,TAG,922.9 -> 677.7,[TG(56:7)|TG(55:0)]_FA14:0
1760,TAG,924.8 -> 679.6,[TG(56:6)]_FA14:0
1761,TAG,926.8 -> 681.6,[TG(57:12)|TG(56:5)]_FA14:0
1762,TAG,928.8 -> 683.6,[TG(57:11)|TG(56:4)]_FA14:0
1763,TAG,930.8 -> 685.6,[TG(57:10)|TG(56:3)]_FA14:0
1764,TAG,932.9 -> 687.7,[TG(57:9)|TG(56:2)]_FA14:0
1765,TAG,934.9 -> 689.7,[TG(57:8)|TG(56:1)]_FA14:0
1766,TAG,936.9 -> 691.7,[TG(58:14)|TG(57:7)|TG(56:0)]_FA14:0
1767,TAG,938.8 -> 693.6,[TG(58:13)|TG(57:6)]_FA14:0
1768,TAG,940.8 -> 695.6,[TG(58:12)|TG(57:5)]_FA14:0
1769,TAG,942.8 -> 697.6,[TG(58:11)|TG(57:4)]_FA14:0
1770,TAG,944.9 -> 699.7,[TG(58:10)|TG(57:3)]_FA14:0
1771,TAG,946.9 -> 701.7,[TG(58:9)|TG(57:2)]_FA14:0
1772,TAG,948.9 -> 703.7,[TG(58:8)|TG(57:1)]_FA14:0
1773,TAG,950.9 -> 705.7,[TG(58:7)|TG(57:0)]_FA14:0
1774,TAG,952.8 -> 707.6,[TG(59:13)|TG(58:6)]_FA14:0
1775,TAG,954.8 -> 709.6,[TG(59:12)|TG(58:5)]_FA14:0
1776,TAG,956.9 -> 711.7,[TG(59:11)|TG(58:4)]_FA14:0
1777,TAG,958.9 -> 713.7,[TG(59:10)|TG(58:3)]_FA14:0
1778,TAG,960.9 -> 715.7,[TG(59:9)|TG(58:2)]_FA14:0
1779,TAG,962.9 -> 717.7,[TG(60:15)|TG(59:8)|TG(58:1)]_FA14:0
1780,TAG,964.9 -> 719.7,[TG(60:14)|TG(59:7)|TG(58:0)]_FA14:0
1781,TAG,966.8 -> 721.6,[TG(60:13)|TG(59:6)]_FA14:0
1782,TAG,968.9 -> 723.7,[TG(60:12)|TG(59:5)]_FA14:0
1783,TAG,970.9 -> 725.7,[TG(60:11)|TG(59:4)]_FA14:0
1784,TAG,972.9 -> 727.7,[TG(60:10)|TG(59:3)]_FA14:0
1785,TAG,974.9 -> 729.7,[TG(60:9)|TG(59:2)]_FA14:0
1786,TAG,976.9 -> 731.7,[TG(60:8)|TG(59:1)]_FA14:0
1787,TAG,978.9 -> 733.7,[TG(61:14)|TG(60:7)|TG(59:0)]_FA14:0
1788,TAG,980.9 -> 735.7,[TG(61:13)|TG(60:6)]_FA14:0
1789,TAG,982.9 -> 737.7,[TG(61:12)|TG(60:5)]_FA14:0
1790,TAG,984.9 -> 739.7,[TG(61:11)|TG(60:4)]_FA14:0
1791,TAG,986.9 -> 741.7,[TG(61:10)|TG(60:3)]_FA14:0
1792,TAG,988.9 -> 743.7,[TG(62:16)|TG(61:9)|TG(60:2)]_FA14:0
1793,TAG,990.9 -> 745.7,[TG(62:15)|TG(61:8)|TG(60:1)]_FA14:0
1794,TAG,993.0 -> 747.8,[TG(62:14)|TG(61:7)|TG(60:0)]_FA14:0
1795,TAG,994.9 -> 749.7,[TG(62:13)|TG(61:6)]_FA14:0
1796,TAG,996.9 -> 751.7,[TG(62:12)|TG(61:5)]_FA14:0
1797,TAG,998.9 -> 753.7,[TG(62:11)|TG(61:4)]_FA14:0
1798,TAG,1000.9 -> 755.7,[TG(62:10)|TG(61:3)]_FA14:0
1799,TAG,1002.9 -> 757.7,[TG(62:9)|TG(61:2)]_FA14:0
1800,TAG,1005.0 -> 759.8,[TG(62:8)|TG(61:1)]_FA14:0
1801,TAG,1007.0 -> 761.8,[TG(62:7)|TG(61:0)]_FA14:0
1802,TAG,1008.9 -> 763.7,[TG(63:13)|TG(62:6)]_FA14:0
1803,TAG,1010.9 -> 765.7,[TG(63:12)|TG(62:5)]_FA14:0
1804,TAG,1012.9 -> 767.7,[TG(63:11)|TG(62:4)]_FA14:0
1805,TAG,1014.9 -> 769.7,[TG(64:17)|TG(63:10)|TG(62:3)]_FA14:0
1806,TAG,1017.0 -> 771.8,[TG(64:16)|TG(63:9)|TG(62:2)]_FA14:0
1807,TAG,1019.0 -> 773.8,[TG(64:15)|TG(63:8)|TG(62:1)]_FA14:0
1808,TAG,1021.0 -> 775.8,[TG(64:14)|TG(63:7)|TG(62:0)]_FA14:0
1809,TAG,1022.9 -> 777.7,[TG(64:13)|TG(63:6)]_FA14:0
1810,TAG,1024.9 -> 779.7,[TG(64:12)|TG(63:5)]_FA14:0
1811,TAG,1026.9 -> 781.7,[TG(64:11)|TG(63:4)]_FA14:0
1812,TAG,1029.0 -> 783.8,[TG(64:10)|TG(63:3)]_FA14:0
1813,TAG,1031.0 -> 785.8,[TG(64:9)|TG(63:2)]_FA14:0
1814,TAG,1033.0 -> 787.8,[TG(64:8)|TG(63:1)]_FA14:0
1815,TAG,1035.0 -> 789.8,[TG(64:7)|TG(63:0)]_FA14:0
1816,TAG,1036.9 -> 791.7,[TG(64:6)]_FA14:0
1817,TAG,1038.9 -> 793.7,[TG(65:12)|TG(64:5)]_FA14:0
1818,TAG,1041.0 -> 795.8,[TG(66:18)|TG(65:11)|TG(64:4)]_FA14:0
1819,TAG,1043.0 -> 797.8,[TG(66:17)|TG(65:10)|TG(64:3)]_FA14:0
1820,TAG,1045.0 -> 799.8,[TG(66:16)|TG(65:9)|TG(64:2)]_FA14:0
1821,TAG,1047.0 -> 801.8,[TG(66:15)|TG(65:8)|TG(64:1)]_FA14:0
1822,TAG,1049.0 -> 803.8,[TG(66:14)|TG(65:7)|TG(64:0)]_FA14:0
1823,TAG,1050.9 -> 805.7,[TG(66:13)|TG(65:6)]_FA14:0
1824,TAG,1053.0 -> 807.8,[TG(66:12)|TG(65:5)]_FA14:0
1825,TAG,1055.0 -> 809.8,[TG(66:11)|TG(65:4)]_FA14:0
1826,TAG,1057.0 -> 811.8,[TG(66:10)|TG(65:3)]_FA14:0
1827,TAG,1059.0 -> 813.8,[TG(66:9)|TG(65:2)]_FA14:0
1828,TAG,1061.0 -> 815.8,[TG(66:8)|TG(65:1)]_FA14:0
1829,TAG,1062.9 -> 817.7,[TG(65:0)]_FA14:0 | [TG(66:7)]_FA14:0
1830,TAG,1063.0 -> 817.8,[TG(65:0)]_FA14:0 | [TG(66:7)]_FA14:0
1831,TAG,1065.0 -> 819.8,[TG(66:6)]_FA14:0
1832,TAG,1067.0 -> 821.8,[TG(66:5)]_FA14:0
1833,TAG,1069.0 -> 823.8,[TG(66:4)]_FA14:0
1834,TAG,1071.0 -> 825.8,[TG(66:3)]_FA14:0
1835,TAG,1073.0 -> 827.8,[TG(66:2)]_FA14:0
1836,TAG,1075.0 -> 829.8,[TG(66:1)]_FA14:0
1837,TAG,670.6 -> 397.3,[TG(37:0)]_FA16:0
1838,TAG,682.6 -> 409.3,[TG(38:1)]_FA16:0 | DG(40:8)|DG(39:1)_C16:0
1839,TAG,684.6 -> 411.3,[TG(38:0)]_FA16:0
1840,TAG,696.6 -> 423.3,[TG(39:1)]_FA16:0
1841,TAG,698.6 -> 425.3,[TG(39:0)]_FA16:0
1842,TAG,708.6 -> 435.3,[TG(40:2)]_FA16:0
1843,TAG,710.6 -> 437.3,[TG(40:1)]_FA16:0
1844,TAG,712.6 -> 439.3,[TG(40:0)]_FA16:0
1845,TAG,722.6 -> 449.3,[TG(41:2)]_FA16:0
1846,TAG,724.6 -> 451.3,[TG(41:1)]_FA16:0
1847,TAG,726.7 -> 453.4,[TG(41:0)]_FA16:0 | DG(42:0)_C16:0
1848,TAG,732.6 -> 459.3,[TG(42:4)]_FA16:0
1849,TAG,734.6 -> 461.3,[TG(42:3)]_FA16:0
1850,TAG,736.6 -> 463.3,[TG(42:2)]_FA16:0
1851,TAG,738.7 -> 465.4,[TG(42:1)]_FA16:0 | DG(44:8)|DG(43:1)_C16:0
1852,TAG,740.7 -> 467.4,[TG(42:0)]_FA16:0 | DG(44:7)|DG(43:0)_C16:0
1853,TAG,746.6 -> 473.3,[TG(43:4)]_FA16:0
1854,TAG,748.6 -> 475.3,[TG(43:3)]_FA16:0
1855,TAG,750.7 -> 477.4,[TG(43:2)]_FA16:0 | DG(44:2)_C16:0
1856,TAG,752.7 -> 479.4,[TG(43:1)]_FA16:0 | DG(44:1)_C16:0
1857,TAG,754.7 -> 481.4,[TG(43:0)]_FA16:0 | DG(44:0)_C16:0
1858,TAG,758.6 -> 485.3,[TG(44:5)]_FA16:0
1859,TAG,760.6 -> 487.3,[TG(44:4)]_FA16:0
1860,TAG,762.7 -> 489.4,[TG(44:3)]_FA16:0
1861,TAG,764.7 -> 491.4,[TG(44:2)]_FA16:0
1862,TAG,766.7 -> 493.4,[TG(44:1)]_FA16:0
1863,TAG,768.7 -> 495.4,[TG(44:0)|TG(O-45:0)]_FA16:0
1864,TAG,772.6 -> 499.3,[TG(45:5)]_FA16:0
1865,TAG,774.7 -> 501.4,[TG(45:4)]_FA16:0
1866,TAG,776.7 -> 503.4,[TG(45:3)]_FA16:0
1867,TAG,778.7 -> 505.4,[TG(45:2)]_FA16:0
1868,TAG,780.7 -> 507.4,[TG(45:1)]_FA16:0
1869,TAG,782.7 -> 509.4,[TG(45:0)]_FA16:0
1870,TAG,784.6 -> 511.3,[TG(46:6)]_FA16:0
1871,TAG,786.7 -> 513.4,[TG(46:5)]_FA16:0
1872,TAG,788.7 -> 515.4,[TG(46:4)]_FA16:0
1873,TAG,790.7 -> 517.4,[TG(46:3)]_FA16:0
1874,TAG,792.7 -> 519.4,[TG(46:2)]_FA16:0
1875,TAG,794.7 -> 521.4,[TG(46:1)]_FA16:0
1876,TAG,796.7 -> 523.4,[TG(46:0)]_FA16:0
1877,TAG,798.7 -> 525.4,[TG(47:6)]_FA16:0
1878,TAG,800.7 -> 527.4,[TG(47:5)]_FA16:0
1879,TAG,802.7 -> 529.4,[TG(47:4)]_FA16:0
1880,TAG,804.7 -> 531.4,[TG(47:3)]_FA16:0
1881,TAG,806.7 -> 533.4,[TG(47:2)]_FA16:0
1882,TAG,808.7 -> 535.4,[TG(48:8)|TG(47:1)]_FA16:0
1883,TAG,810.8 -> 537.5,[TG(48:7)|TG(47:0)]_FA16:0
1884,TAG,812.7 -> 539.4,[TG(48:6)]_FA16:0
1885,TAG,814.7 -> 541.4,[TG(48:5)]_FA16:0
1886,TAG,816.7 -> 543.4,[TG(48:4)]_FA16:0
1891,TAG,826.7 -> 553.4,[TG(49:6)]_FA16:0
1892,TAG,828.7 -> 555.4,[TG(49:5)]_FA16:0
1893,TAG,830.7 -> 557.4,[TG(49:4)]_FA16:0
1894,TAG,832.7 -> 559.4,[TG(49:3)]_FA16:0
1895,TAG,834.8 -> 561.5,[TG(50:9)|TG(49:2)]_FA16:0
1896,TAG,836.8 -> 563.5,[TG(50:8)|TG(49:1)]_FA16:0
1897,TAG,838.8 -> 565.5,[TG(50:7)|TG(49:0)]_FA16:0
1898,TAG,840.7 -> 567.4,[TG(50:6)]_FA16:0
1899,TAG,842.7 -> 569.4,[TG(50:5)]_FA16:0
1900,TAG,844.7 -> 571.4,[TG(50:4)]_FA16:0
1905,TAG,854.7 -> 581.4,[TG(51:6)]_FA16:0
1906,TAG,856.7 -> 583.4,[TG(51:5)]_FA16:0
1907,TAG,858.8 -> 585.5,[TG(51:4)]_FA16:0
1908,TAG,860.8 -> 587.5,[TG(52:10)|TG(51:3)]_FA16:0
1909,TAG,862.8 -> 589.5,[TG(52:9)|TG(51:2)]_FA16:0
1910,TAG,864.8 -> 591.5,[TG(52:8)|TG(51:1)]_FA16:0
1911,TAG,866.8 -> 593.5,[TG(52:7)|TG(51:0)]_FA16:0
1919,TAG,882.8 -> 609.5,[TG(53:6)]_FA16:0
1920,TAG,884.8 -> 611.5,[TG(54:12)|TG(53:5)]_FA16:0
1921,TAG,886.8 -> 613.5,[TG(54:11)|TG(53:4)]_FA16:0
1922,TAG,888.8 -> 615.5,[TG(54:10)|TG(53:3)]_FA16:0
1923,TAG,890.8 -> 617.5,[TG(54:9)|TG(53:2)]_FA16:0
1933,TAG,910.8 -> 637.5,[TG(56:13)|TG(55:6)]_FA16:0
1934,TAG,912.8 -> 639.5,[TG(56:12)|TG(55:5)]_FA16:0
1935,TAG,914.8 -> 641.5,[TG(56:11)|TG(55:4)]_FA16:0
1936,TAG,916.8 -> 643.5,[TG(56:10)|TG(55:3)]_FA16:0
1937,TAG,918.8 -> 645.5,[TG(56:9)|TG(55:2)]_FA16:0
1947,TAG,938.8 -> 665.5,[TG(58:13)|TG(57:6)]_FA16:0
1948,TAG,940.8 -> 667.5,[TG(58:12)|TG(57:5)]_FA16:0
1949,TAG,942.8 -> 669.5,[TG(58:11)|TG(57:4)]_FA16:0
1961,TAG,966.8 -> 693.5,[TG(60:13)|TG(59:6)]_FA16:0
1975,TAG,994.9 -> 721.6,[TG(62:13)|TG(61:6)]_FA16:0
1976,TAG,996.9 -> 723.6,[TG(62:12)|TG(61:5)]_FA16:0
1977,TAG,998.9 -> 725.6,[TG(62:11)|TG(61:4)]_FA16:0
1978,TAG,1000.9 -> 727.6,[TG(62:10)|TG(61:3)]_FA16:0
1979,TAG,1002.9 -> 729.6,[TG(62:9)|TG(61:2)]_FA16:0
1980,TAG,1005.0 -> 731.7,[TG(62:8)|TG(61:1)]_FA16:0
1981,TAG,1007.0 -> 733.7,[TG(62:7)|TG(61:0)]_FA16:0
1982,TAG,1008.9 -> 735.6,[TG(63:13)|TG(62:6)]_FA16:0
1983,TAG,1010.9 -> 737.6,[TG(63:12)|TG(62:5)]_FA16:0
1984,TAG,1012.9 -> 739.6,[TG(63:11)|TG(62:4)]_FA16:0
1985,TAG,1014.9 -> 741.6,[TG(64:17)|TG(63:10)|TG(62:3)]_FA16:0
1986,TAG,1017.0 -> 743.7,[TG(64:16)|TG(63:9)|TG(62:2)]_FA16:0
1987,TAG,1019.0 -> 745.7,[TG(64:15)|TG(63:8)|TG(62:1)]_FA16:0
1988,TAG,1021.0 -> 747.7,[TG(64:14)|TG(63:7)|TG(62:0)]_FA16:0
1989,TAG,1022.9 -> 749.6,[TG(64:13)|TG(63:6)]_FA16:0
1990,TAG,1024.9 -> 751.6,[TG(64:12)|TG(63:5)]_FA16:0
1991,TAG,1026.9 -> 753.6,[TG(64:11)|TG(63:4)]_FA16:0
1992,TAG,1029.0 -> 755.7,[TG(64:10)|TG(63:3)]_FA16:0
1993,TAG,1031.0 -> 757.7,[TG(64:9)|TG(63:2)]_FA16:0
1994,TAG,1033.0 -> 759.7,[TG(64:8)|TG(63:1)]_FA16:0
1995,TAG,1035.0 -> 761.7,[TG(64:7)|TG(63:0)]_FA16:0
1996,TAG,1036.9 -> 763.6,[TG(64:6)]_FA16:0
1997,TAG,1038.9 -> 765.6,[TG(65:12)|TG(64:5)]_FA16:0
1998,TAG,1041.0 -> 767.7,[TG(66:18)|TG(65:11)|TG(64:4)]_FA16:0
1999,TAG,1043.0 -> 769.7,[TG(66:17)|TG(65:10)|TG(64:3)]_FA16:0
2000,TAG,1045.0 -> 771.7,[TG(66:16)|TG(65:9)|TG(64:2)]_FA16:0
2001,TAG,1047.0 -> 773.7,[TG(66:15)|TG(65:8)|TG(64:1)]_FA16:0
2002,TAG,1049.0 -> 775.7,[TG(66:14)|TG(65:7)|TG(64:0)]_FA16:0
2003,TAG,1050.9 -> 777.6,[TG(66:13)|TG(65:6)]_FA16:0
2004,TAG,1053.0 -> 779.7,[TG(66:12)|TG(65:5)]_FA16:0
2005,TAG,1055.0 -> 781.7,[TG(66:11)|TG(65:4)]_FA16:0
2006,TAG,1057.0 -> 783.7,[TG(66:10)|TG(65:3)]_FA16:0
2007,TAG,1059.0 -> 785.7,[TG(66:9)|TG(65:2)]_FA16:0
2008,TAG,1061.0 -> 787.7,[TG(66:8)|TG(65:1)]_FA16:0
2009,TAG,1062.9 -> 789.6,[TG(66:7)]_FA16:0
2010,TAG,1063.0 -> 789.7,[TG(65:0)]_FA16:0
2011,TAG,1065.0 -> 791.7,[TG(66:6)]_FA16:0
2012,TAG,1067.0 -> 793.7,[TG(66:5)]_FA16:0
2013,TAG,1069.0 -> 795.7,[TG(66:4)]_FA16:0
2014,TAG,1071.0 -> 797.7,[TG(66:3)]_FA16:0
2015,TAG,1073.0 -> 799.7,[TG(66:2)]_FA16:0
2016,TAG,1075.0 -> 801.7,[TG(66:1)]_FA16:0
2017,TAG,1077.1 -> 803.7,[TG(66:0)]_FA16:0
2018,TAG,682.6 -> 411.3,[TG(38:1)]_FA16:1 | DG(40:8)|DG(39:1)_C16:1
2019,TAG,696.6 -> 425.3,[TG(39:1)]_FA16:1
2020,TAG,708.6 -> 437.3,[TG(40:2)]_FA16:1
2021,TAG,710.6 -> 439.3,[TG(40:1)]_FA16:1
2022,TAG,722.6 -> 451.3,[TG(41:2)]_FA16:1
2023,TAG,724.6 -> 453.3,[TG(41:1)]_FA16:1
2024,TAG,732.6 -> 461.3,[TG(42:4)]_FA16:1
2025,TAG,734.6 -> 463.3,[TG(42:3)]_FA16:1
2026,TAG,736.6 -> 465.3,[TG(42:2)]_FA16:1
2027,TAG,738.7 -> 467.4,[TG(42:1)]_FA16:1 | DG(44:8)|DG(43:1)_C16:1
2028,TAG,746.6 -> 475.3,[TG(43:4)]_FA16:1
2029,TAG,748.6 -> 477.3,[TG(43:3)]_FA16:1
2030,TAG,750.7 -> 479.4,[TG(43:2)]_FA16:1 | DG(44:2)_C16:1
2031,TAG,752.7 -> 481.4,[TG(43:1)]_FA16:1 | DG(44:1)_C16:1
2032,TAG,758.6 -> 487.3,[TG(44:5)]_FA16:1
2033,TAG,760.6 -> 489.3,[TG(44:4)]_FA16:1
2034,TAG,762.7 -> 491.4,[TG(44:3)]_FA16:1
2035,TAG,764.7 -> 493.4,[TG(44:2)]_FA16:1
2036,TAG,766.7 -> 495.4,[TG(44:1)]_FA16:1
2037,TAG,772.6 -> 501.3,[TG(45:5)]_FA16:1
2038,TAG,774.7 -> 503.4,[TG(45:4)]_FA16:1
2039,TAG,776.7 -> 505.4,[TG(45:3)]_FA16:1
2040,TAG,778.7 -> 507.4,[TG(45:2)]_FA16:1
2041,TAG,780.7 -> 509.4,[TG(45:1)]_FA16:1
2042,TAG,784.6 -> 513.3,[TG(46:6)]_FA16:1
2043,TAG,786.7 -> 515.4,[TG(46:5)]_FA16:1
2044,TAG,788.7 -> 517.4,[TG(46:4)]_FA16:1
2045,TAG,790.7 -> 519.4,[TG(46:3)]_FA16:1
2046,TAG,792.7 -> 521.4,[TG(46:2)]_FA16:1
2047,TAG,794.7 -> 523.4,[TG(46:1)]_FA16:1
2048,TAG,798.7 -> 527.4,[TG(47:6)]_FA16:1
2049,TAG,800.7 -> 529.4,[TG(47:5)]_FA16:1
2050,TAG,802.7 -> 531.4,[TG(47:4)]_FA16:1
2051,TAG,804.7 -> 533.4,[TG(47:3)]_FA16:1
2052,TAG,806.7 -> 535.4,[TG(47:2)]_FA16:1
2053,TAG,808.7 -> 537.4,[TG(48:8)|TG(47:1)]_FA16:1
2054,TAG,810.8 -> 539.5,[TG(48:7)|TG(47:0)]_FA16:1
2055,TAG,812.7 -> 541.4,[TG(48:6)]_FA16:1
2056,TAG,814.7 -> 543.4,[TG(48:5)]_FA16:1
2057,TAG,816.7 -> 545.4,[TG(48:4)]_FA16:1
2062,TAG,826.7 -> 555.4,[TG(49:6)]_FA16:1
2063,TAG,828.7 -> 557.4,[TG(49:5)]_FA16:1
2064,TAG,830.7 -> 559.4,[TG(49:4)]_FA16:1
2065,TAG,832.7 -> 561.4,[TG(49:3)]_FA16:1
2066,TAG,834.8 -> 563.5,[TG(50:9)|TG(49:2)]_FA16:1
2067,TAG,836.8 -> 565.5,[TG(50:8)|TG(49:1)]_FA16:1
2068,TAG,838.8 -> 567.5,[TG(50:7)|TG(49:0)]_FA16:1
2069,TAG,840.7 -> 569.4,[TG(50:6)]_FA16:1
2070,TAG,842.7 -> 571.4,[TG(50:5)]_FA16:1
2071,TAG,844.7 -> 573.4,[TG(50:4)]_FA16:1
2076,TAG,854.7 -> 583.4,[TG(51:6)]_FA16:1
2077,TAG,856.7 -> 585.4,[TG(51:5)]_FA16:1
2078,TAG,858.8 -> 587.5,[TG(51:4)]_FA16:1
2079,TAG,860.8 -> 589.5,[TG(52:10)|TG(51:3)]_FA16:1
2080,TAG,862.8 -> 591.5,[TG(52:9)|TG(51:2)]_FA16:1
2081,TAG,864.8 -> 593.5,[TG(52:8)|TG(51:1)]_FA16:1
2082,TAG,866.8 -> 595.5,[TG(52:7)|TG(51:0)]_FA16:1
2090,TAG,882.8 -> 611.5,[TG(53:6)]_FA16:1
2091,TAG,884.8 -> 613.5,[TG(54:12)|TG(53:5)]_FA16:1
2092,TAG,886.8 -> 615.5,[TG(54:11)|TG(53:4)]_FA16:1
2093,TAG,888.8 -> 617.5,[TG(54:10)|TG(53:3)]_FA16:1
2094,TAG,890.8 -> 619.5,[TG(54:9)|TG(53:2)]_FA16:1
2104,TAG,910.8 -> 639.5,[TG(56:13)|TG(55:6)]_FA16:1
2105,TAG,912.8 -> 641.5,[TG(56:12)|TG(55:5)]_FA16:1
2106,TAG,914.8 -> 643.5,[TG(56:11)|TG(55:4)]_FA16:1
2107,TAG,916.8 -> 645.5,[TG(56:10)|TG(55:3)]_FA16:1
2108,TAG,918.8 -> 647.5,[TG(56:9)|TG(55:2)]_FA16:1
2118,TAG,938.8 -> 667.5,[TG(58:13)|TG(57:6)]_FA16:1
2119,TAG,940.8 -> 669.5,[TG(58:12)|TG(57:5)]_FA16:1
2120,TAG,942.8 -> 671.5,[TG(58:11)|TG(57:4)]_FA16:1
2132,TAG,966.8 -> 695.5,[TG(60:13)|TG(59:6)]_FA16:1
2146,TAG,994.9 -> 723.6,[TG(62:13)|TG(61:6)]_FA16:1
2147,TAG,996.9 -> 725.6,[TG(62:12)|TG(61:5)]_FA16:1
2148,TAG,998.9 -> 727.6,[TG(62:11)|TG(61:4)]_FA16:1
2149,TAG,1000.9 -> 729.6,[TG(62:10)|TG(61:3)]_FA16:1
2150,TAG,1002.9 -> 731.6,[TG(62:9)|TG(61:2)]_FA16:1
2151,TAG,1005.0 -> 733.7,[TG(62:8)|TG(61:1)]_FA16:1
2152,TAG,1007.0 -> 735.7,[TG(62:7)|TG(61:0)]_FA16:1
2153,TAG,1008.9 -> 737.6,[TG(63:13)|TG(62:6)]_FA16:1
2154,TAG,1010.9 -> 739.6,[TG(63:12)|TG(62:5)]_FA16:1
2155,TAG,1012.9 -> 741.6,[TG(63:11)|TG(62:4)]_FA16:1
2156,TAG,1014.9 -> 743.6,[TG(64:17)|TG(63:10)|TG(62:3)]_FA16:1
2157,TAG,1017.0 -> 745.7,[TG(64:16)|TG(63:9)|TG(62:2)]_FA16:1
2158,TAG,1019.0 -> 747.7,[TG(64:15)|TG(63:8)|TG(62:1)]_FA16:1
2159,TAG,1021.0 -> 749.7,[TG(64:14)|TG(63:7)|TG(62:0)]_FA16:1
2160,TAG,1022.9 -> 751.6,[TG(64:13)|TG(63:6)]_FA16:1
2161,TAG,1024.9 -> 753.6,[TG(64:12)|TG(63:5)]_FA16:1
2162,TAG,1026.9 -> 755.6,[TG(64:11)|TG(63:4)]_FA16:1
2163,TAG,1029.0 -> 757.7,[TG(64:10)|TG(63:3)]_FA16:1
2164,TAG,1031.0 -> 759.7,[TG(64:9)|TG(63:2)]_FA16:1
2165,TAG,1033.0 -> 761.7,[TG(64:8)|TG(63:1)]_FA16:1
2166,TAG,1035.0 -> 763.7,[TG(64:7)|TG(63:0)]_FA16:1
2167,TAG,1036.9 -> 765.6,[TG(64:6)]_FA16:1
2168,TAG,1038.9 -> 767.6,[TG(65:12)|TG(64:5)]_FA16:1
2169,TAG,1041.0 -> 769.7,[TG(66:18)|TG(65:11)|TG(64:4)]_FA16:1
2170,TAG,1043.0 -> 771.7,[TG(66:17)|TG(65:10)|TG(64:3)]_FA16:1
2171,TAG,1045.0 -> 773.7,[TG(66:16)|TG(65:9)|TG(64:2)]_FA16:1
2172,TAG,1047.0 -> 775.7,[TG(66:15)|TG(65:8)|TG(64:1)]_FA16:1
2173,TAG,1049.0 -> 777.7,[TG(66:14)|TG(65:7)|TG(64:0)]_FA16:1
2174,TAG,1050.9 -> 779.6,[TG(66:13)|TG(65:6)]_FA16:1
2175,TAG,1053.0 -> 781.7,[TG(66:12)|TG(65:5)]_FA16:1
2176,TAG,1055.0 -> 783.7,[TG(66:11)|TG(65:4)]_FA16:1
2177,TAG,1057.0 -> 785.7,[TG(66:10)|TG(65:3)]_FA16:1
2178,TAG,1059.0 -> 787.7,[TG(66:9)|TG(65:2)]_FA16:1
2179,TAG,1061.0 -> 789.7,[TG(66:8)|TG(65:1)]_FA16:1
2180,TAG,1062.9 -> 791.6,[TG(66:7)]_FA16:1
2181,TAG,1065.0 -> 793.7,[TG(66:6)]_FA16:1
2182,TAG,1067.0 -> 795.7,[TG(66:5)]_FA16:1
2183,TAG,1069.0 -> 797.7,[TG(66:4)]_FA16:1
2184,TAG,1071.0 -> 799.7,[TG(66:3)]_FA16:1
2185,TAG,1073.0 -> 801.7,[TG(66:2)]_FA16:1
2186,TAG,1075.0 -> 803.7,[TG(66:1)]_FA16:1
2187,TAG,670.6 -> 369.3,[TG(37:0)]_FA18:0
2188,TAG,682.6 -> 381.3,[TG(38:1)]_FA18:0 | DG(40:8)|DG(39:1)_C18:0
2189,TAG,684.6 -> 383.3,[TG(38:0)]_FA18:0
2190,TAG,696.6 -> 395.3,[TG(39:1)]_FA18:0
2191,TAG,698.6 -> 397.3,[TG(39:0)]_FA18:0
2192,TAG,708.6 -> 407.3,[TG(40:2)]_FA18:0
2193,TAG,710.6 -> 409.3,[TG(40:1)]_FA18:0
2194,TAG,712.6 -> 411.3,[TG(40:0)]_FA18:0
2195,TAG,722.6 -> 421.3,[TG(41:2)]_FA18:0
2196,TAG,724.6 -> 423.3,[TG(41:1)]_FA18:0
2197,TAG,726.7 -> 425.4,[TG(41:0)]_FA18:0 | DG(42:0)_C18:0
2198,TAG,732.6 -> 431.3,[TG(42:4)]_FA18:0
2199,TAG,734.6 -> 433.3,[TG(42:3)]_FA18:0
2200,TAG,736.6 -> 435.3,[TG(42:2)]_FA18:0
2201,TAG,738.7 -> 437.4,[TG(42:1)]_FA18:0 | DG(44:8)|DG(43:1)_C18:0
2202,TAG,740.7 -> 439.4,[TG(42:0)]_FA18:0 | DG(44:7)|DG(43:0)_C18:0
2203,TAG,746.6 -> 445.3,[TG(43:4)]_FA18:0
2204,TAG,748.6 -> 447.3,[TG(43:3)]_FA18:0
2205,TAG,750.7 -> 449.4,[TG(43:2)]_FA18:0 | DG(44:2)_C18:0
2206,TAG,752.7 -> 451.4,[TG(43:1)]_FA18:0 | DG(44:1)_C18:0
2207,TAG,754.7 -> 453.4,[TG(43:0)]_FA18:0 | DG(44:0)_C18:0
2208,TAG,758.6 -> 457.3,[TG(44:5)]_FA18:0
2209,TAG,760.6 -> 459.3,[TG(44:4)]_FA18:0
2210,TAG,762.7 -> 461.4,[TG(44:3)]_FA18:0
2211,TAG,764.7 -> 463.4,[TG(44:2)]_FA18:0
2212,TAG,766.7 -> 465.4,[TG(44:1)]_FA18:0
2213,TAG,768.7 -> 467.4,[TG(44:0)|TG(O-45:0)]_FA18:0
2214,TAG,772.6 -> 471.3,[TG(45:5)]_FA18:0
2215,TAG,774.7 -> 473.4,[TG(45:4)]_FA18:0
2216,TAG,776.7 -> 475.4,[TG(45:3)]_FA18:0
2217,TAG,778.7 -> 477.4,[TG(45:2)]_FA18:0
2218,TAG,780.7 -> 479.4,[TG(45:1)]_FA18:0
2219,TAG,782.7 -> 481.4,[TG(45:0)]_FA18:0
2220,TAG,784.6 -> 483.3,[TG(46:6)]_FA18:0
2221,TAG,786.7 -> 485.4,[TG(46:5)]_FA18:0
2222,TAG,788.7 -> 487.4,[TG(46:4)]_FA18:0
2223,TAG,790.7 -> 489.4,[TG(46:3)]_FA18:0
2224,TAG,792.7 -> 491.4,[TG(46:2)]_FA18:0
2225,TAG,794.7 -> 493.4,[TG(46:1)]_FA18:0
2226,TAG,796.7 -> 495.4,[TG(46:0)]_FA18:0
2227,TAG,798.7 -> 497.4,[TG(47:6)]_FA18:0
2228,TAG,800.7 -> 499.4,[TG(47:5)]_FA18:0
2229,TAG,802.7 -> 501.4,[TG(47:4)]_FA18:0
2230,TAG,804.7 -> 503.4,[TG(47:3)]_FA18:0
2231,TAG,806.7 -> 505.4,[TG(47:2)]_FA18:0
2232,TAG,808.7 -> 507.4,[TG(48:8)|TG(47:1)]_FA18:0
2233,TAG,810.8 -> 509.5,[TG(48:7)|TG(47:0)]_FA18:0
2234,TAG,812.7 -> 511.4,[TG(48:6)]_FA18:0
2235,TAG,814.7 -> 513.4,[TG(48:5)]_FA18:0
2236,TAG,816.7 -> 515.4,[TG(48:4)]_FA18:0
2241,TAG,826.7 -> 525.4,[TG(49:6)]_FA18:0
2242,TAG,828.7 -> 527.4,[TG(49:5)]_FA18:0
2243,TAG,830.7 -> 529.4,[TG(49:4)]_FA18:0
2244,TAG,832.7 -> 531.4,[TG(49:3)]_FA18:0
2245,TAG,834.8 -> 533.5,[TG(50:9)|TG(49:2)]_FA18:0
2246,TAG,836.8 -> 535.5,[TG(50:8)|TG(49:1)]_FA18:0
2247,TAG,838.8 -> 537.5,[TG(50:7)|TG(49:0)]_FA18:0
2248,TAG,840.7 -> 539.4,[TG(50:6)]_FA18:0
2249,TAG,842.7 -> 541.4,[TG(50:5)]_FA18:0
2250,TAG,844.7 -> 543.4,[TG(50:4)]_FA18:0
2255,TAG,854.7 -> 553.4,[TG(51:6)]_FA18:0
2256,TAG,856.7 -> 555.4,[TG(51:5)]_FA18:0
2257,TAG,858.8 -> 557.5,[TG(51:4)]_FA18:0
2258,TAG,860.8 -> 559.5,[TG(52:10)|TG(51:3)]_FA18:0
2259,TAG,862.8 -> 561.5,[TG(52:9)|TG(51:2)]_FA18:0
2260,TAG,864.8 -> 563.5,[TG(52:8)|TG(51:1)]_FA18:0
2261,TAG,866.8 -> 565.5,[TG(52:7)|TG(51:0)]_FA18:0
2269,TAG,882.8 -> 581.5,[TG(53:6)]_FA18:0
2270,TAG,884.8 -> 583.5,[TG(54:12)|TG(53:5)]_FA18:0
2271,TAG,886.8 -> 585.5,[TG(54:11)|TG(53:4)]_FA18:0
2272,TAG,888.8 -> 587.5,[TG(54:10)|TG(53:3)]_FA18:0
2273,TAG,890.8 -> 589.5,[TG(54:9)|TG(53:2)]_FA18:0
2283,TAG,910.8 -> 609.5,[TG(56:13)|TG(55:6)]_FA18:0
2284,TAG,912.8 -> 611.5,[TG(56:12)|TG(55:5)]_FA18:0
2285,TAG,914.8 -> 613.5,[TG(56:11)|TG(55:4)]_FA18:0
2286,TAG,916.8 -> 615.5,[TG(56:10)|TG(55:3)]_FA18:0
2287,TAG,918.8 -> 617.5,[TG(56:9)|TG(55:2)]_FA18:0
2297,TAG,938.8 -> 637.5,[TG(58:13)|TG(57:6)]_FA18:0
2298,TAG,940.8 -> 639.5,[TG(58:12)|TG(57:5)]_FA18:0
2299,TAG,942.8 -> 641.5,[TG(58:11)|TG(57:4)]_FA18:0
2311,TAG,966.8 -> 665.5,[TG(60:13)|TG(59:6)]_FA18:0
2325,TAG,994.9 -> 693.6,[TG(62:13)|TG(61:6)]_FA18:0
2326,TAG,996.9 -> 695.6,[TG(62:12)|TG(61:5)]_FA18:0
2327,TAG,998.9 -> 697.6,[TG(62:11)|TG(61:4)]_FA18:0
2328,TAG,1000.9 -> 699.6,[TG(62:10)|TG(61:3)]_FA18:0
2329,TAG,1002.9 -> 701.6,[TG(62:9)|TG(61:2)]_FA18:0
2330,TAG,1005.0 -> 703.7,[TG(62:8)|TG(61:1)]_FA18:0
2331,TAG,1007.0 -> 705.7,[TG(62:7)|TG(61:0)]_FA18:0
2332,TAG,1008.9 -> 707.6,[TG(63:13)|TG(62:6)]_FA18:0
2333,TAG,1010.9 -> 709.6,[TG(63:12)|TG(62:5)]_FA18:0
2334,TAG,1012.9 -> 711.6,[TG(63:11)|TG(62:4)]_FA18:0
2335,TAG,1014.9 -> 713.6,[TG(64:17)|TG(63:10)|TG(62:3)]_FA18:0
2336,TAG,1017.0 -> 715.7,[TG(64:16)|TG(63:9)|TG(62:2)]_FA18:0
2337,TAG,1019.0 -> 717.7,[TG(64:15)|TG(63:8)|TG(62:1)]_FA18:0
2338,TAG,1021.0 -> 719.7,[TG(64:14)|TG(63:7)|TG(62:0)]_FA18:0
2339,TAG,1022.9 -> 721.6,[TG(64:13)|TG(63:6)]_FA18:0
2340,TAG,1024.9 -> 723.6,[TG(64:12)|TG(63:5)]_FA18:0
2341,TAG,1026.9 -> 725.6,[TG(64:11)|TG(63:4)]_FA18:0
2342,TAG,1029.0 -> 727.7,[TG(64:10)|TG(63:3)]_FA18:0
2343,TAG,1031.0 -> 729.7,[TG(64:9)|TG(63:2)]_FA18:0
2344,TAG,1033.0 -> 731.7,[TG(64:8)|TG(63:1)]_FA18:0
2345,TAG,1035.0 -> 733.7,[TG(64:7)|TG(63:0)]_FA18:0
2346,TAG,1036.9 -> 735.6,[TG(64:6)]_FA18:0
2347,TAG,1038.9 -> 737.6,[TG(65:12)|TG(64:5)]_FA18:0
2348,TAG,1041.0 -> 739.7,[TG(66:18)|TG(65:11)|TG(64:4)]_FA18:0
2349,TAG,1043.0 -> 741.7,[TG(66:17)|TG(65:10)|TG(64:3)]_FA18:0
2350,TAG,1045.0 -> 743.7,[TG(66:16)|TG(65:9)|TG(64:2)]_FA18:0
2351,TAG,1047.0 -> 745.7,[TG(66:15)|TG(65:8)|TG(64:1)]_FA18:0
2352,TAG,1049.0 -> 747.7,[TG(66:14)|TG(65:7)|TG(64:0)]_FA18:0
2353,TAG,1050.9 -> 749.6,[TG(66:13)|TG(65:6)]_FA18:0
2354,TAG,1053.0 -> 751.7,[TG(66:12)|TG(65:5)]_FA18:0
2355,TAG,1055.0 -> 753.7,[TG(66:11)|TG(65:4)]_FA18:0
2356,TAG,1057.0 -> 755.7,[TG(66:10)|TG(65:3)]_FA18:0
2357,TAG,1059.0 -> 757.7,[TG(66:9)|TG(65:2)]_FA18:0
2358,TAG,1061.0 -> 759.7,[TG(66:8)|TG(65:1)]_FA18:0
2359,TAG,1062.9 -> 761.6,[TG(66:7)]_FA18:0
2360,TAG,1063.0 -> 761.7,[TG(65:0)]_FA18:0
2361,TAG,1065.0 -> 763.7,[TG(66:6)]_FA18:0
2362,TAG,1067.0 -> 765.7,[TG(66:5)]_FA18:0
2363,TAG,1069.0 -> 767.7,[TG(66:4)]_FA18:0
2364,TAG,1071.0 -> 769.7,[TG(66:3)]_FA18:0
2365,TAG,1073.0 -> 771.7,[TG(66:2)]_FA18:0
2366,TAG,1075.0 -> 773.7,[TG(66:1)]_FA18:0
2367,TAG,1077.1 -> 775.7,[TG(66:0)]_FA18:0
2368,TAG,682.6 -> 383.3,[TG(38:1)]_FA18:1 | DG(40:8)|DG(39:1)_C18:1
2369,TAG,696.6 -> 397.3,[TG(39:1)]_FA18:1
2370,TAG,708.6 -> 409.3,[TG(40:2)]_FA18:1
2371,TAG,710.6 -> 411.3,[TG(40:1)]_FA18:1
2372,TAG,722.6 -> 423.3,[TG(41:2)]_FA18:1
2373,TAG,724.6 -> 425.3,[TG(41:1)]_FA18:1
2374,TAG,732.6 -> 433.3,[TG(42:4)]_FA18:1
2375,TAG,734.6 -> 435.3,[TG(42:3)]_FA18:1
2376,TAG,736.6 -> 437.3,[TG(42:2)]_FA18:1
2377,TAG,738.7 -> 439.4,[TG(42:1)]_FA18:1 | DG(44:8)|DG(43:1)_C18:1
2378,TAG,746.6 -> 447.3,[TG(43:4)]_FA18:1
2379,TAG,748.6 -> 449.3,[TG(43:3)]_FA18:1
2380,TAG,750.7 -> 451.4,[TG(43:2)]_FA18:1 | DG(44:2)_C18:1
2381,TAG,752.7 -> 453.4,[TG(43:1)]_FA18:1 | DG(44:1)_C18:1
2382,TAG,758.6 -> 459.3,[TG(44:5)]_FA18:1
2383,TAG,760.6 -> 461.3,[TG(44:4)]_FA18:1
2384,TAG,762.7 -> 463.4,[TG(44:3)]_FA18:1
2385,TAG,764.7 -> 465.4,[TG(44:2)]_FA18:1
2386,TAG,766.7 -> 467.4,[TG(44:1)]_FA18:1
2387,TAG,772.6 -> 473.3,[TG(45:5)]_FA18:1
2388,TAG,774.7 -> 475.4,[TG(45:4)]_FA18:1
2389,TAG,776.7 -> 477.4,[TG(45:3)]_FA18:1
2390,TAG,778.7 -> 479.4,[TG(45:2)]_FA18:1
2391,TAG,780.7 -> 481.4,[TG(45:1)]_FA18:1
2392,TAG,784.6 -> 485.3,[TG(46:6)]_FA18:1
2393,TAG,786.7 -> 487.4,[TG(46:5)]_FA18:1
2394,TAG,788.7 -> 489.4,[TG(46:4)]_FA18:1
2395,TAG,790.7 -> 491.4,[TG(46:3)]_FA18:1
2396,TAG,792.7 -> 493.4,[TG(46:2)]_FA18:1
2397,TAG,794.7 -> 495.4,[TG(46:1)]_FA18:1
2398,TAG,798.7 -> 499.4,[TG(47:6)]_FA18:1
2399,TAG,800.7 -> 501.4,[TG(47:5)]_FA18:1
2400,TAG,802.7 -> 503.4,[TG(47:4)]_FA18:1
2401,TAG,804.7 -> 505.4,[TG(47:3)]_FA18:1
2402,TAG,806.7 -> 507.4,[TG(47:2)]_FA18:1
2403,TAG,808.7 -> 509.4,[TG(48:8)|TG(47:1)]_FA18:1
2404,TAG,810.8 -> 511.5,[TG(48:7)|TG(47:0)]_FA18:1
2405,TAG,812.7 -> 513.4,[TG(48:6)]_FA18:1
2406,TAG,814.7 -> 515.4,[TG(48:5)]_FA18:1
2407,TAG,816.7 -> 517.4,[TG(48:4)]_FA18:1
2412,TAG,826.7 -> 527.4,[TG(49:6)]_FA18:1
2413,TAG,828.7 -> 529.4,[TG(49:5)]_FA18:1
2414,TAG,830.7 -> 531.4,[TG(49:4)]_FA18:1
2415,TAG,832.7 -> 533.4,[TG(49:3)]_FA18:1
2416,TAG,834.8 -> 535.5,[TG(50:9)|TG(49:2)]_FA18:1
2417,TAG,836.8 -> 537.5,[TG(50:8)|TG(49:1)]_FA18:1
2418,TAG,838.8 -> 539.5,[TG(50:7)|TG(49:0)]_FA18:1
2419,TAG,840.7 -> 541.4,[TG(50:6)]_FA18:1
2420,TAG,842.7 -> 543.4,[TG(50:5)]_FA18:1
2421,TAG,844.7 -> 545.4,[TG(50:4)]_FA18:1
2426,TAG,854.7 -> 555.4,[TG(51:6)]_FA18:1
2427,TAG,856.7 -> 557.4,[TG(51:5)]_FA18:1
2428,TAG,858.8 -> 559.5,[TG(51:4)]_FA18:1
2429,TAG,860.8 -> 561.5,[TG(52:10)|TG(51:3)]_FA18:1
2430,TAG,862.8 -> 563.5,[TG(52:9)|TG(51:2)]_FA18:1
2431,TAG,864.8 -> 565.5,[TG(52:8)|TG(51:1)]_FA18:1
2432,TAG,866.8 -> 567.5,[TG(52:7)|TG(51:0)]_FA18:1
2440,TAG,882.8 -> 583.5,[TG(53:6)]_FA18:1
2441,TAG,884.8 -> 585.5,[TG(54:12)|TG(53:5)]_FA18:1
2442,TAG,886.8 -> 587.5,[TG(54:11)|TG(53:4)]_FA18:1
2443,TAG,888.8 -> 589.5,[TG(54:10)|TG(53:3)]_FA18:1
2444,TAG,890.8 -> 591.5,[TG(54:9)|TG(53:2)]_FA18:1
2454,TAG,910.8 -> 611.5,[TG(56:13)|TG(55:6)]_FA18:1
2455,TAG,912.8 -> 613.5,[TG(56:12)|TG(55:5)]_FA18:1
2456,TAG,914.8 -> 615.5,[TG(56:11)|TG(55:4)]_FA18:1
2457,TAG,916.8 -> 617.5,[TG(56:10)|TG(55:3)]_FA18:1
2458,TAG,918.8 -> 619.5,[TG(56:9)|TG(55:2)]_FA18:1
2468,TAG,938.8 -> 639.5,[TG(58:13)|TG(57:6)]_FA18:1
2469,TAG,940.8 -> 641.5,[TG(58:12)|TG(57:5)]_FA18:1
2470,TAG,942.8 -> 643.5,[TG(58:11)|TG(57:4)]_FA18:1
2482,TAG,966.8 -> 667.5,[TG(60:13)|TG(59:6)]_FA18:1
2496,TAG,994.9 -> 695.6,[TG(62:13)|TG(61:6)]_FA18:1
2497,TAG,996.9 -> 697.6,[TG(62:12)|TG(61:5)]_FA18:1
2498,TAG,998.9 -> 699.6,[TG(62:11)|TG(61:4)]_FA18:1
2499,TAG,1000.9 -> 701.6,[TG(62:10)|TG(61:3)]_FA18:1
2500,TAG,1002.9 -> 703.6,[TG(62:9)|TG(61:2)]_FA18:1
2501,TAG,1005.0 -> 705.7,[TG(62:8)|TG(61:1)]_FA18:1
2502,TAG,1007.0 -> 707.7,[TG(62:7)|TG(61:0)]_FA18:1
2503,TAG,1008.9 -> 709.6,[TG(63:13)|TG(62:6)]_FA18:1
2504,TAG,1010.9 -> 711.6,[TG(63:12)|TG(62:5)]_FA18:1
2505,TAG,1012.9 -> 713.6,[TG(63:11)|TG(62:4)]_FA18:1
2506,TAG,1014.9 -> 715.6,[TG(64:17)|TG(63:10)|TG(62:3)]_FA18:1
2507,TAG,1017.0 -> 717.7,[TG(64:16)|TG(63:9)|TG(62:2)]_FA18:1
2508,TAG,1019.0 -> 719.7,[TG(64:15)|TG(63:8)|TG(62:1)]_FA18:1
2509,TAG,1021.0 -> 721.7,[TG(64:14)|TG(63:7)|TG(62:0)]_FA18:1
2510,TAG,1022.9 -> 723.6,[TG(64:13)|TG(63:6)]_FA18:1
2511,TAG,1024.9 -> 725.6,[TG(64:12)|TG(63:5)]_FA18:1
2512,TAG,1026.9 -> 727.6,[TG(64:11)|TG(63:4)]_FA18:1
2513,TAG,1029.0 -> 729.7,[TG(64:10)|TG(63:3)]_FA18:1
2514,TAG,1031.0 -> 731.7,[TG(64:9)|TG(63:2)]_FA18:1
2515,TAG,1033.0 -> 733.7,[TG(64:8)|TG(63:1)]_FA18:1
2516,TAG,1035.0 -> 735.7,[TG(64:7)|TG(63:0)]_FA18:1
2517,TAG,1036.9 -> 737.6,[TG(64:6)]_FA18:1
2518,TAG,1038.9 -> 739.6,[TG(65:12)|TG(64:5)]_FA18:1
2519,TAG,1041.0 -> 741.7,[TG(66:18)|TG(65:11)|TG(64:4)]_FA18:1
2520,TAG,1043.0 -> 743.7,[TG(66:17)|TG(65:10)|TG(64:3)]_FA18:1
2521,TAG,1045.0 -> 745.7,[TG(66:16)|TG(65:9)|TG(64:2)]_FA18:1
2522,TAG,1047.0 -> 747.7,[TG(66:15)|TG(65:8)|TG(64:1)]_FA18:1
2523,TAG,1049.0 -> 749.7,[TG(66:14)|TG(65:7)|TG(64:0)]_FA18:1
2524,TAG,1050.9 -> 751.6,[TG(66:13)|TG(65:6)]_FA18:1
2525,TAG,1053.0 -> 753.7,[TG(66:12)|TG(65:5)]_FA18:1
2526,TAG,1055.0 -> 755.7,[TG(66:11)|TG(65:4)]_FA18:1
2527,TAG,1057.0 -> 757.7,[TG(66:10)|TG(65:3)]_FA18:1
2528,TAG,1059.0 -> 759.7,[TG(66:9)|TG(65:2)]_FA18:1
2529,TAG,1061.0 -> 761.7,[TG(66:8)|TG(65:1)]_FA18:1
2530,TAG,1062.9 -> 763.6,[TG(66:7)]_FA18:1
2531,TAG,1065.0 -> 765.7,[TG(66:6)]_FA18:1
2532,TAG,1067.0 -> 767.7,[TG(66:5)]_FA18:1
2533,TAG,1069.0 -> 769.7,[TG(66:4)]_FA18:1
2534,TAG,1071.0 -> 771.7,[TG(66:3)]_FA18:1
2535,TAG,1073.0 -> 773.7,[TG(66:2)]_FA18:1
2536,TAG,1075.0 -> 775.7,[TG(66:1)]_FA18:1
2537,TAG,708.6 -> 411.3,[TG(40:2)]_FA18:2
2538,TAG,722.6 -> 425.3,[TG(41:2)]_FA18:2
2539,TAG,732.6 -> 435.3,[TG(42:4)]_FA18:2
2540,TAG,734.6 -> 437.3,[TG(42:3)]_FA18:2
2541,TAG,736.6 -> 439.3,[TG(42:2)]_FA18:2
2542,TAG,746.6 -> 449.3,[TG(43:4)]_FA18:2
2543,TAG,748.6 -> 451.3,[TG(43:3)]_FA18:2
2544,TAG,750.7 -> 453.4,[TG(43:2)]_FA18:2 | DG(44:2)_C18:2
2545,TAG,758.6 -> 461.3,[TG(44:5)]_FA18:2
2546,TAG,760.6 -> 463.3,[TG(44:4)]_FA18:2
2547,TAG,762.7 -> 465.4,[TG(44:3)]_FA18:2
2548,TAG,764.7 -> 467.4,[TG(44:2)]_FA18:2
2549,TAG,772.6 -> 475.3,[TG(45:5)]_FA18:2
2550,TAG,774.7 -> 477.4,[TG(45:4)]_FA18:2
2551,TAG,776.7 -> 479.4,[TG(45:3)]_FA18:2
2552,TAG,778.7 -> 481.4,[TG(45:2)]_FA18:2
2553,TAG,784.6 -> 487.3,[TG(46:6)]_FA18:2
2554,TAG,786.7 -> 489.4,[TG(46:5)]_FA18:2
2555,TAG,788.7 -> 491.4,[TG(46:4)]_FA18:2
2556,TAG,790.7 -> 493.4,[TG(46:3)]_FA18:2
2557,TAG,792.7 -> 495.4,[TG(46:2)]_FA18:2
2558,TAG,798.7 -> 501.4,[TG(47:6)]_FA18:2
2559,TAG,800.7 -> 503.4,[TG(47:5)]_FA18:2
2560,TAG,802.7 -> 505.4,[TG(47:4)]_FA18:2
2561,TAG,804.7 -> 507.4,[TG(47:3)]_FA18:2
2562,TAG,806.7 -> 509.4,[TG(47:2)]_FA18:2
2563,TAG,808.7 -> 511.4,[TG(48:8)|TG(47:1)]_FA18:2
2564,TAG,810.8 -> 513.5,[TG(48:7)|TG(47:0)]_FA18:2
2565,TAG,812.7 -> 515.4,[TG(48:6)]_FA18:2
2566,TAG,814.7 -> 517.4,[TG(48:5)]_FA18:2
2567,TAG,816.7 -> 519.4,[TG(48:4)]_FA18:2
2572,TAG,826.7 -> 529.4,[TG(49:6)]_FA18:2
2573,TAG,828.7 -> 531.4,[TG(49:5)]_FA18:2
2574,TAG,830.7 -> 533.4,[TG(49:4)]_FA18:2
2575,TAG,832.7 -> 535.4,[TG(49:3)]_FA18:2
2576,TAG,834.8 -> 537.5,[TG(50:9)|TG(49:2)]_FA18:2
2577,TAG,836.8 -> 539.5,[TG(50:8)|TG(49:1)]_FA18:2
2578,TAG,838.8 -> 541.5,[TG(50:7)|TG(49:0)]_FA18:2
2579,TAG,840.7 -> 543.4,[TG(50:6)]_FA18:2
2580,TAG,842.7 -> 545.4,[TG(50:5)]_FA18:2
2581,TAG,844.7 -> 547.4,[TG(50:4)]_FA18:2
2586,TAG,854.7 -> 557.4,[TG(51:6)]_FA18:2
2587,TAG,856.7 -> 559.4,[TG(51:5)]_FA18:2
2588,TAG,858.8 -> 561.5,[TG(51:4)]_FA18:2
2589,TAG,860.8 -> 563.5,[TG(52:10)|TG(51:3)]_FA18:2
2590,TAG,862.8 -> 565.5,[TG(52:9)|TG(51:2)]_FA18:2
2591,TAG,864.8 -> 567.5,[TG(52:8)|TG(51:1)]_FA18:2
2592,TAG,866.8 -> 569.5,[TG(52:7)|TG(51:0)]_FA18:2
2600,TAG,882.8 -> 585.5,[TG(53:6)]_FA18:2
2601,TAG,884.8 -> 587.5,[TG(54:12)|TG(53:5)]_FA18:2
2602,TAG,886.8 -> 589.5,[TG(54:11)|TG(53:4)]_FA18:2
2603,TAG,888.8 -> 591.5,[TG(54:10)|TG(53:3)]_FA18:2
2604,TAG,890.8 -> 593.5,[TG(54:9)|TG(53:2)]_FA18:2
2614,TAG,910.8 -> 613.5,[TG(56:13)|TG(55:6)]_FA18:2
2615,TAG,912.8 -> 615.5,[TG(56:12)|TG(55:5)]_FA18:2
2616,TAG,914.8 -> 617.5,[TG(56:11)|TG(55:4)]_FA18:2
2617,TAG,916.8 -> 619.5,[TG(56:10)|TG(55:3)]_FA18:2
2618,TAG,918.8 -> 621.5,[TG(56:9)|TG(55:2)]_FA18:2
2628,TAG,938.8 -> 641.5,[TG(58:13)|TG(57:6)]_FA18:2
2629,TAG,940.8 -> 643.5,[TG(58:12)|TG(57:5)]_FA18:2
2630,TAG,942.8 -> 645.5,[TG(58:11)|TG(57:4)]_FA18:2
2642,TAG,966.8 -> 669.5,[TG(60:13)|TG(59:6)]_FA18:2
2656,TAG,994.9 -> 697.6,[TG(62:13)|TG(61:6)]_FA18:2
2657,TAG,996.9 -> 699.6,[TG(62:12)|TG(61:5)]_FA18:2
2658,TAG,998.9 -> 701.6,[TG(62:11)|TG(61:4)]_FA18:2
2659,TAG,1000.9 -> 703.6,[TG(62:10)|TG(61:3)]_FA18:2
2660,TAG,1002.9 -> 705.6,[TG(62:9)|TG(61:2)]_FA18:2
2661,TAG,1005.0 -> 707.7,[TG(62:8)|TG(61:1)]_FA18:2
2662,TAG,1007.0 -> 709.7,[TG(62:7)|TG(61:0)]_FA18:2
2663,TAG,1008.9 -> 711.6,[TG(63:13)|TG(62:6)]_FA18:2
2664,TAG,1010.9 -> 713.6,[TG(63:12)|TG(62:5)]_FA18:2
2665,TAG,1012.9 -> 715.6,[TG(63:11)|TG(62:4)]_FA18:2
2666,TAG,1014.9 -> 717.6,[TG(64:17)|TG(63:10)|TG(62:3)]_FA18:2
2667,TAG,1017.0 -> 719.7,[TG(64:16)|TG(63:9)|TG(62:2)]_FA18:2
2668,TAG,1019.0 -> 721.7,[TG(64:15)|TG(63:8)|TG(62:1)]_FA18:2
2669,TAG,1021.0 -> 723.7,[TG(64:14)|TG(63:7)|TG(62:0)]_FA18:2
2670,TAG,1022.9 -> 725.6,[TG(64:13)|TG(63:6)]_FA18:2
2671,TAG,1024.9 -> 727.6,[TG(64:12)|TG(63:5)]_FA18:2
2672,TAG,1026.9 -> 729.6,[TG(64:11)|TG(63:4)]_FA18:2
2673,TAG,1029.0 -> 731.7,[TG(64:10)|TG(63:3)]_FA18:2
2674,TAG,1031.0 -> 733.7,[TG(64:9)|TG(63:2)]_FA18:2
2675,TAG,1033.0 -> 735.7,[TG(64:8)|TG(63:1)]_FA18:2
2676,TAG,1035.0 -> 737.7,[TG(64:7)|TG(63:0)]_FA18:2
2677,TAG,1036.9 -> 739.6,[TG(64:6)]_FA18:2
2678,TAG,1038.9 -> 741.6,[TG(65:12)|TG(64:5)]_FA18:2
2679,TAG,1041.0 -> 743.7,[TG(66:18)|TG(65:11)|TG(64:4)]_FA18:2
2680,TAG,1043.0 -> 745.7,[TG(66:17)|TG(65:10)|TG(64:3)]_FA18:2
2681,TAG,1045.0 -> 747.7,[TG(66:16)|TG(65:9)|TG(64:2)]_FA18:2
2682,TAG,1047.0 -> 749.7,[TG(66:15)|TG(65:8)|TG(64:1)]_FA18:2
2683,TAG,1049.0 -> 751.7,[TG(66:14)|TG(65:7)|TG(64:0)]_FA18:2
2684,TAG,1050.9 -> 753.6,[TG(66:13)|TG(65:6)]_FA18:2
2685,TAG,1053.0 -> 755.7,[TG(66:12)|TG(65:5)]_FA18:2
2686,TAG,1055.0 -> 757.7,[TG(66:11)|TG(65:4)]_FA18:2
2687,TAG,1057.0 -> 759.7,[TG(66:10)|TG(65:3)]_FA18:2
2688,TAG,1059.0 -> 761.7,[TG(66:9)|TG(65:2)]_FA18:2
2689,TAG,1061.0 -> 763.7,[TG(66:8)|TG(65:1)]_FA18:2
2690,TAG,1062.9 -> 765.6,[TG(66:7)]_FA18:2
2691,TAG,1065.0 -> 767.7,[TG(66:6)]_FA18:2
2692,TAG,1067.0 -> 769.7,[TG(66:5)]_FA18:2
2693,TAG,1069.0 -> 771.7,[TG(66:4)]_FA18:2
2694,TAG,1071.0 -> 773.7,[TG(66:3)]_FA18:2
2695,TAG,1073.0 -> 775.7,[TG(66:2)]_FA18:2
2696,TAG,732.6 -> 437.3,[TG(42:4)]_FA18:3
2697,TAG,734.6 -> 439.3,[TG(42:3)]_FA18:3
2698,TAG,746.6 -> 451.3,[TG(43:4)]_FA18:3
2699,TAG,748.6 -> 453.3,[TG(43:3)]_FA18:3
2700,TAG,758.6 -> 463.3,[TG(44:5)]_FA18:3
2701,TAG,760.6 -> 465.3,[TG(44:4)]_FA18:3
2702,TAG,762.7 -> 467.4,[TG(44:3)]_FA18:3
2703,TAG,772.6 -> 477.3,[TG(45:5)]_FA18:3
2704,TAG,774.7 -> 479.4,[TG(45:4)]_FA18:3
2705,TAG,776.7 -> 481.4,[TG(45:3)]_FA18:3
2706,TAG,784.6 -> 489.3,[TG(46:6)]_FA18:3
2707,TAG,786.7 -> 491.4,[TG(46:5)]_FA18:3
2708,TAG,788.7 -> 493.4,[TG(46:4)]_FA18:3
2709,TAG,790.7 -> 495.4,[TG(46:3)]_FA18:3
2710,TAG,798.7 -> 503.4,[TG(47:6)]_FA18:3
2711,TAG,800.7 -> 505.4,[TG(47:5)]_FA18:3
2712,TAG,802.7 -> 507.4,[TG(47:4)]_FA18:3
2713,TAG,804.7 -> 509.4,[TG(47:3)]_FA18:3
2714,TAG,808.7 -> 513.4,[TG(48:8)|TG(47:1)]_FA18:3
2715,TAG,810.8 -> 515.5,[TG(48:7)|TG(47:0)]_FA18:3
2716,TAG,812.7 -> 517.4,[TG(48:6)]_FA18:3
2717,TAG,814.7 -> 519.4,[TG(48:5)]_FA18:3
2718,TAG,816.7 -> 521.4,[TG(48:4)]_FA18:3
2719,TAG,818.7 -> 523.4,[TG(48:3)]_FA18:3
2720,TAG,822.8 -> 527.5,[TG(49:8)|TG(48:1)]_FA18:3
2721,TAG,824.8 -> 529.5,[TG(49:7)|TG(48:0)]_FA18:3
2722,TAG,826.7 -> 531.4,[TG(49:6)]_FA18:3
2723,TAG,828.7 -> 533.4,[TG(49:5)]_FA18:3
2724,TAG,830.7 -> 535.4,[TG(49:4)]_FA18:3
2725,TAG,832.7 -> 537.4,[TG(49:3)]_FA18:3
2726,TAG,834.8 -> 539.5,[TG(50:9)|TG(49:2)]_FA18:3
2727,TAG,836.8 -> 541.5,[TG(50:8)|TG(49:1)]_FA18:3
2728,TAG,838.8 -> 543.5,[TG(50:7)|TG(49:0)]_FA18:3
2729,TAG,840.7 -> 545.4,[TG(50:6)]_FA18:3
2730,TAG,842.7 -> 547.4,[TG(50:5)]_FA18:3
2731,TAG,844.7 -> 549.4,[TG(50:4)]_FA18:3
2732,TAG,846.8 -> 551.5,[TG(50:3)]_FA18:3
2733,TAG,848.8 -> 553.5,[TG(51:9)|TG(50:2)]_FA18:3
2734,TAG,850.8 -> 555.5,[TG(51:8)|TG(50:1)]_FA18:3
2735,TAG,852.8 -> 557.5,[TG(51:7)|TG(50:0)]_FA18:3
2736,TAG,854.7 -> 559.4,[TG(51:6)]_FA18:3
2737,TAG,856.7 -> 561.4,[TG(51:5)]_FA18:3
2738,TAG,858.8 -> 563.5,[TG(51:4)]_FA18:3
2739,TAG,860.8 -> 565.5,[TG(52:10)|TG(51:3)]_FA18:3
2740,TAG,862.8 -> 567.5,[TG(52:9)|TG(51:2)]_FA18:3
2741,TAG,864.8 -> 569.5,[TG(52:8)|TG(51:1)]_FA18:3
2742,TAG,866.8 -> 571.5,[TG(52:7)|TG(51:0)]_FA18:3
2743,TAG,868.7 -> 573.4,[TG(52:6)]_FA18:3
2744,TAG,870.8 -> 575.5,[TG(52:5)]_FA18:3
2745,TAG,872.8 -> 577.5,[TG(52:4)]_FA18:3
2746,TAG,874.8 -> 579.5,[TG(53:10)|TG(52:3)]_FA18:3
2747,TAG,876.8 -> 581.5,[TG(53:9)|TG(52:2)]_FA18:3
2748,TAG,878.8 -> 583.5,[TG(53:8)|TG(52:1)]_FA18:3
2749,TAG,880.8 -> 585.5,[TG(53:7)|TG(52:0)]_FA18:3
2750,TAG,882.8 -> 587.5,[TG(53:6)]_FA18:3
2751,TAG,884.8 -> 589.5,[TG(54:12)|TG(53:5)]_FA18:3
2752,TAG,886.8 -> 591.5,[TG(54:11)|TG(53:4)]_FA18:3
2753,TAG,888.8 -> 593.5,[TG(54:10)|TG(53:3)]_FA18:3
2754,TAG,890.8 -> 595.5,[TG(54:9)|TG(53:2)]_FA18:3
2755,TAG,892.8 -> 597.5,[TG(54:8)|TG(53:1)]_FA18:3
2756,TAG,894.8 -> 599.5,[TG(54:7)|TG(53:0)]_FA18:3
2757,TAG,896.8 -> 601.5,[TG(54:6)]_FA18:3
2758,TAG,898.8 -> 603.5,[TG(54:5)]_FA18:3
2759,TAG,900.8 -> 605.5,[TG(55:11)|TG(54:4)]_FA18:3
2760,TAG,902.8 -> 607.5,[TG(55:10)|TG(54:3)]_FA18:3
2761,TAG,904.8 -> 609.5,[TG(55:9)|TG(54:2)]_FA18:3
2762,TAG,906.8 -> 611.5,[TG(55:8)|TG(54:1)]_FA18:3
2763,TAG,908.9 -> 613.6,[TG(55:7)|TG(54:0)]_FA18:3
2764,TAG,910.8 -> 615.5,[TG(56:13)|TG(55:6)]_FA18:3
2765,TAG,912.8 -> 617.5,[TG(56:12)|TG(55:5)]_FA18:3
2766,TAG,914.8 -> 619.5,[TG(56:11)|TG(55:4)]_FA18:3
2767,TAG,916.8 -> 621.5,[TG(56:10)|TG(55:3)]_FA18:3
2768,TAG,918.8 -> 623.5,[TG(56:9)|TG(55:2)]_FA18:3
2769,TAG,920.9 -> 625.6,[TG(56:8)|TG(55:1)]_FA18:3
2770,TAG,922.9 -> 627.6,[TG(56:7)|TG(55:0)]_FA18:3
2771,TAG,924.8 -> 629.5,[TG(56:6)]_FA18:3
2772,TAG,926.8 -> 631.5,[TG(57:12)|TG(56:5)]_FA18:3
2773,TAG,928.8 -> 633.5,[TG(57:11)|TG(56:4)]_FA18:3
2774,TAG,930.8 -> 635.5,[TG(57:10)|TG(56:3)]_FA18:3
2775,TAG,932.9 -> 637.6,[TG(57:9)|TG(56:2)]_FA18:3
2776,TAG,934.9 -> 639.6,[TG(57:8)|TG(56:1)]_FA18:3
2777,TAG,936.9 -> 641.6,[TG(58:14)|TG(57:7)|TG(56:0)]_FA18:3
2778,TAG,938.8 -> 643.5,[TG(58:13)|TG(57:6)]_FA18:3
2779,TAG,940.8 -> 645.5,[TG(58:12)|TG(57:5)]_FA18:3
2780,TAG,942.8 -> 647.5,[TG(58:11)|TG(57:4)]_FA18:3
2781,TAG,944.9 -> 649.6,[TG(58:10)|TG(57:3)]_FA18:3
2782,TAG,946.9 -> 651.6,[TG(58:9)|TG(57:2)]_FA18:3
2783,TAG,948.9 -> 653.6,[TG(58:8)|TG(57:1)]_FA18:3
2784,TAG,950.9 -> 655.6,[TG(58:7)|TG(57:0)]_FA18:3
2785,TAG,952.8 -> 657.5,[TG(59:13)|TG(58:6)]_FA18:3
2786,TAG,954.8 -> 659.5,[TG(59:12)|TG(58:5)]_FA18:3
2787,TAG,956.9 -> 661.6,[TG(59:11)|TG(58:4)]_FA18:3
2788,TAG,958.9 -> 663.6,[TG(59:10)|TG(58:3)]_FA18:3
2789,TAG,960.9 -> 665.6,[TG(59:9)|TG(58:2)]_FA18:3
2790,TAG,962.9 -> 667.6,[TG(60:15)|TG(59:8)|TG(58:1)]_FA18:3
2791,TAG,964.9 -> 669.6,[TG(60:14)|TG(59:7)|TG(58:0)]_FA18:3
2792,TAG,966.8 -> 671.5,[TG(60:13)|TG(59:6)]_FA18:3
2793,TAG,968.9 -> 673.6,[TG(60:12)|TG(59:5)]_FA18:3
2794,TAG,970.9 -> 675.6,[TG(60:11)|TG(59:4)]_FA18:3
2795,TAG,972.9 -> 677.6,[TG(60:10)|TG(59:3)]_FA18:3
2796,TAG,974.9 -> 679.6,[TG(60:9)|TG(59:2)]_FA18:3
2797,TAG,976.9 -> 681.6,[TG(60:8)|TG(59:1)]_FA18:3
2798,TAG,978.9 -> 683.6,[TG(61:14)|TG(60:7)|TG(59:0)]_FA18:3
2799,TAG,980.9 -> 685.6,[TG(61:13)|TG(60:6)]_FA18:3
2800,TAG,982.9 -> 687.6,[TG(61:12)|TG(60:5)]_FA18:3
2801,TAG,984.9 -> 689.6,[TG(61:11)|TG(60:4)]_FA18:3
2802,TAG,986.9 -> 691.6,[TG(61:10)|TG(60:3)]_FA18:3
2803,TAG,988.9 -> 693.6,[TG(62:16)|TG(61:9)|TG(60:2)]_FA18:3
2804,TAG,990.9 -> 695.6,[TG(62:15)|TG(61:8)|TG(60:1)]_FA18:3
2805,TAG,993.0 -> 697.7,[TG(62:14)|TG(61:7)|TG(60:0)]_FA18:3
2806,TAG,994.9 -> 699.6,[TG(62:13)|TG(61:6)]_FA18:3
2807,TAG,996.9 -> 701.6,[TG(62:12)|TG(61:5)]_FA18:3
2808,TAG,998.9 -> 703.6,[TG(62:11)|TG(61:4)]_FA18:3
2809,TAG,1000.9 -> 705.6,[TG(62:10)|TG(61:3)]_FA18:3
2810,TAG,1002.9 -> 707.6,[TG(62:9)|TG(61:2)]_FA18:3
2811,TAG,1005.0 -> 709.7,[TG(62:8)|TG(61:1)]_FA18:3
2812,TAG,1007.0 -> 711.7,[TG(62:7)|TG(61:0)]_FA18:3
2813,TAG,1008.9 -> 713.6,[TG(63:13)|TG(62:6)]_FA18:3
2814,TAG,1010.9 -> 715.6,[TG(63:12)|TG(62:5)]_FA18:3
2815,TAG,1012.9 -> 717.6,[TG(63:11)|TG(62:4)]_FA18:3
2816,TAG,1014.9 -> 719.6,[TG(64:17)|TG(63:10)|TG(62:3)]_FA18:3
2817,TAG,1017.0 -> 721.7,[TG(64:16)|TG(63:9)|TG(62:2)]_FA18:3
2818,TAG,1019.0 -> 723.7,[TG(64:15)|TG(63:8)|TG(62:1)]_FA18:3
2819,TAG,1021.0 -> 725.7,[TG(64:14)|TG(63:7)|TG(62:0)]_FA18:3
2820,TAG,1022.9 -> 727.6,[TG(64:13)|TG(63:6)]_FA18:3
2821,TAG,1024.9 -> 729.6,[TG(64:12)|TG(63:5)]_FA18:3
2822,TAG,1026.9 -> 731.6,[TG(64:11)|TG(63:4)]_FA18:3
2823,TAG,1029.0 -> 733.7,[TG(64:10)|TG(63:3)]_FA18:3
2824,TAG,1031.0 -> 735.7,[TG(64:9)|TG(63:2)]_FA18:3
2825,TAG,1033.0 -> 737.7,[TG(64:8)|TG(63:1)]_FA18:3
2826,TAG,1035.0 -> 739.7,[TG(64:7)|TG(63:0)]_FA18:3
2827,TAG,1036.9 -> 741.6,[TG(64:6)]_FA18:3
2828,TAG,1038.9 -> 743.6,[TG(65:12)|TG(64:5)]_FA18:3
2829,TAG,1041.0 -> 745.7,[TG(66:18)|TG(65:11)|TG(64:4)]_FA18:3
2830,TAG,1043.0 -> 747.7,[TG(66:17)|TG(65:10)|TG(64:3)]_FA18:3
2831,TAG,1045.0 -> 749.7,[TG(66:16)|TG(65:9)|TG(64:2)]_FA18:3
2832,TAG,1047.0 -> 751.7,[TG(66:15)|TG(65:8)|TG(64:1)]_FA18:3
2833,TAG,1049.0 -> 753.7,[TG(66:14)|TG(65:7)|TG(64:0)]_FA18:3
2834,TAG,1050.9 -> 755.6,[TG(66:13)|TG(65:6)]_FA18:3
2835,TAG,1053.0 -> 757.7,[TG(66:12)|TG(65:5)]_FA18:3
2836,TAG,1055.0 -> 759.7,[TG(66:11)|TG(65:4)]_FA18:3
2837,TAG,1057.0 -> 761.7,[TG(66:10)|TG(65:3)]_FA18:3
2838,TAG,1059.0 -> 763.7,[TG(66:9)|TG(65:2)]_FA18:3
2839,TAG,1061.0 -> 765.7,[TG(66:8)|TG(65:1)]_FA18:3
2840,TAG,1062.9 -> 767.6,[TG(66:7)]_FA18:3
2841,TAG,1065.0 -> 769.7,[TG(66:6)]_FA18:3
2842,TAG,1067.0 -> 771.7,[TG(66:5)]_FA18:3
2843,TAG,1069.0 -> 773.7,[TG(66:4)]_FA18:3
2844,TAG,1071.0 -> 775.7,[TG(66:3)]_FA18:3
2845,TAG,732.6 -> 411.3,[TG(42:4)]_FA20:4
2846,TAG,746.6 -> 425.3,[TG(43:4)]_FA20:4
2847,TAG,758.6 -> 437.3,[TG(44:5)]_FA20:4
2848,TAG,760.6 -> 439.3,[TG(44:4)]_FA20:4
2849,TAG,772.6 -> 451.3,[TG(45:5)]_FA20:4
2850,TAG,774.7 -> 453.4,[TG(45:4)]_FA20:4
2851,TAG,784.6 -> 463.3,[TG(46:6)]_FA20:4
2852,TAG,786.7 -> 465.4,[TG(46:5)]_FA20:4
2853,TAG,788.7 -> 467.4,[TG(46:4)]_FA20:4
2854,TAG,798.7 -> 477.4,[TG(47:6)]_FA20:4
2855,TAG,800.7 -> 479.4,[TG(47:5)]_FA20:4
2856,TAG,802.7 -> 481.4,[TG(47:4)]_FA20:4
2857,TAG,808.7 -> 487.4,[TG(48:8)|TG(47:1)]_FA20:4
2858,TAG,810.8 -> 489.5,[TG(48:7)|TG(47:0)]_FA20:4
2859,TAG,812.7 -> 491.4,[TG(48:6)]_FA20:4
2860,TAG,814.7 -> 493.4,[TG(48:5)]_FA20:4
2861,TAG,816.7 -> 495.4,[TG(48:4)]_FA20:4
2862,TAG,822.8 -> 501.5,[TG(49:8)|TG(48:1)]_FA20:4
2863,TAG,824.8 -> 503.5,[TG(49:7)|TG(48:0)]_FA20:4
2864,TAG,826.7 -> 505.4,[TG(49:6)]_FA20:4
2865,TAG,828.7 -> 507.4,[TG(49:5)]_FA20:4
2866,TAG,830.7 -> 509.4,[TG(49:4)]_FA20:4
2867,TAG,834.8 -> 513.5,[TG(50:9)|TG(49:2)]_FA20:4
2868,TAG,836.8 -> 515.5,[TG(50:8)|TG(49:1)]_FA20:4
2869,TAG,838.8 -> 517.5,[TG(50:7)|TG(49:0)]_FA20:4
2870,TAG,840.7 -> 519.4,[TG(50:6)]_FA20:4
2871,TAG,842.7 -> 521.4,[TG(50:5)]_FA20:4
2872,TAG,844.7 -> 523.4,[TG(50:4)]_FA20:4
2873,TAG,848.8 -> 527.5,[TG(51:9)|TG(50:2)]_FA20:4
2874,TAG,850.8 -> 529.5,[TG(51:8)|TG(50:1)]_FA20:4
2875,TAG,852.8 -> 531.5,[TG(51:7)|TG(50:0)]_FA20:4
2876,TAG,854.7 -> 533.4,[TG(51:6)]_FA20:4
2877,TAG,856.7 -> 535.4,[TG(51:5)]_FA20:4
2878,TAG,858.8 -> 537.5,[TG(51:4)]_FA20:4
2879,TAG,860.8 -> 539.5,[TG(52:10)|TG(51:3)]_FA20:4
2880,TAG,862.8 -> 541.5,[TG(52:9)|TG(51:2)]_FA20:4
2881,TAG,864.8 -> 543.5,[TG(52:8)|TG(51:1)]_FA20:4
2882,TAG,866.8 -> 545.5,[TG(52:7)|TG(51:0)]_FA20:4
2890,TAG,882.8 -> 561.5,[TG(53:6)]_FA20:4
2891,TAG,884.8 -> 563.5,[TG(54:12)|TG(53:5)]_FA20:4
2892,TAG,886.8 -> 565.5,[TG(54:11)|TG(53:4)]_FA20:4
2893,TAG,888.8 -> 567.5,[TG(54:10)|TG(53:3)]_FA20:4
2894,TAG,890.8 -> 569.5,[TG(54:9)|TG(53:2)]_FA20:4
2904,TAG,910.8 -> 589.5,[TG(56:13)|TG(55:6)]_FA20:4
2905,TAG,912.8 -> 591.5,[TG(56:12)|TG(55:5)]_FA20:4
2906,TAG,914.8 -> 593.5,[TG(56:11)|TG(55:4)]_FA20:4
2907,TAG,916.8 -> 595.5,[TG(56:10)|TG(55:3)]_FA20:4
2908,TAG,918.8 -> 597.5,[TG(56:9)|TG(55:2)]_FA20:4
2918,TAG,938.8 -> 617.5,[TG(58:13)|TG(57:6)]_FA20:4
2919,TAG,940.8 -> 619.5,[TG(58:12)|TG(57:5)]_FA20:4
2920,TAG,942.8 -> 621.5,[TG(58:11)|TG(57:4)]_FA20:4
2932,TAG,966.8 -> 645.5,[TG(60:13)|TG(59:6)]_FA20:4
2946,TAG,994.9 -> 673.6,[TG(62:13)|TG(61:6)]_FA20:4
2947,TAG,996.9 -> 675.6,[TG(62:12)|TG(61:5)]_FA20:4
2948,TAG,998.9 -> 677.6,[TG(62:11)|TG(61:4)]_FA20:4
2949,TAG,1000.9 -> 679.6,[TG(62:10)|TG(61:3)]_FA20:4
2950,TAG,1002.9 -> 681.6,[TG(62:9)|TG(61:2)]_FA20:4
2951,TAG,1005.0 -> 683.7,[TG(62:8)|TG(61:1)]_FA20:4
2952,TAG,1007.0 -> 685.7,[TG(62:7)|TG(61:0)]_FA20:4
2953,TAG,1008.9 -> 687.6,[TG(63:13)|TG(62:6)]_FA20:4
2954,TAG,1010.9 -> 689.6,[TG(63:12)|TG(62:5)]_FA20:4
2955,TAG,1012.9 -> 691.6,[TG(63:11)|TG(62:4)]_FA20:4
2956,TAG,1014.9 -> 693.6,[TG(64:17)|TG(63:10)|TG(62:3)]_FA20:4
2957,TAG,1017.0 -> 695.7,[TG(64:16)|TG(63:9)|TG(62:2)]_FA20:4
2958,TAG,1019.0 -> 697.7,[TG(64:15)|TG(63:8)|TG(62:1)]_FA20:4
2959,TAG,1021.0 -> 699.7,[TG(64:14)|TG(63:7)|TG(62:0)]_FA20:4
2960,TAG,1022.9 -> 701.6,[TG(64:13)|TG(63:6)]_FA20:4
2961,TAG,1024.9 -> 703.6,[TG(64:12)|TG(63:5)]_FA20:4
2962,TAG,1026.9 -> 705.6,[TG(64:11)|TG(63:4)]_FA20:4
2963,TAG,1029.0 -> 707.7,[TG(64:10)|TG(63:3)]_FA20:4
2964,TAG,1031.0 -> 709.7,[TG(64:9)|TG(63:2)]_FA20:4
2965,TAG,1033.0 -> 711.7,[TG(64:8)|TG(63:1)]_FA20:4
2966,TAG,1035.0 -> 713.7,[TG(64:7)|TG(63:0)]_FA20:4
2967,TAG,1036.9 -> 715.6,[TG(64:6)]_FA20:4
2968,TAG,1038.9 -> 717.6,[TG(65:12)|TG(64:5)]_FA20:4
2969,TAG,1041.0 -> 719.7,[TG(66:18)|TG(65:11)|TG(64:4)]_FA20:4
2970,TAG,1043.0 -> 721.7,[TG(66:17)|TG(65:10)|TG(64:3)]_FA20:4
2971,TAG,1045.0 -> 723.7,[TG(66:16)|TG(65:9)|TG(64:2)]_FA20:4
2972,TAG,1047.0 -> 725.7,[TG(66:15)|TG(65:8)|TG(64:1)]_FA20:4
2973,TAG,1049.0 -> 727.7,[TG(66:14)|TG(65:7)|TG(64:0)]_FA20:4
2974,TAG,1050.9 -> 729.6,[TG(66:13)|TG(65:6)]_FA20:4
2975,TAG,1053.0 -> 731.7,[TG(66:12)|TG(65:5)]_FA20:4
2976,TAG,1055.0 -> 733.7,[TG(66:11)|TG(65:4)]_FA20:4
2977,TAG,1057.0 -> 735.7,[TG(66:10)|TG(65:3)]_FA20:4
2978,TAG,1059.0 -> 737.7,[TG(66:9)|TG(65:2)]_FA20:4
2979,TAG,1061.0 -> 739.7,[TG(66:8)|TG(65:1)]_FA20:4
2980,TAG,1062.9 -> 741.6,[TG(66:7)]_FA20:4
2981,TAG,1065.0 -> 743.7,[TG(66:6)]_FA20:4
2982,TAG,1067.0 -> 745.7,[TG(66:5)]_FA20:4
2983,TAG,1069.0 -> 747.7,[TG(66:4)]_FA20:4
2984,TAG,758.6 -> 411.3,[TG(44:5)]_FA22:5
2985,TAG,772.6 -> 425.3,[TG(45:5)]_FA22:5
2986,TAG,784.6 -> 437.3,[TG(46:6)]_FA22:5
2987,TAG,786.7 -> 439.4,[TG(46:5)]_FA22:5
2988,TAG,798.7 -> 451.4,[TG(47:6)]_FA22:5
2989,TAG,800.7 -> 453.4,[TG(47:5)]_FA22:5
2990,TAG,808.7 -> 461.4,[TG(48:8)|TG(47:1)]_FA22:5
2991,TAG,810.8 -> 463.5,[TG(48:7)|TG(47:0)]_FA22:5
2992,TAG,812.7 -> 465.4,[TG(48:6)]_FA22:5
2993,TAG,814.7 -> 467.4,[TG(48:5)]_FA22:5
2994,TAG,822.8 -> 475.5,[TG(49:8)|TG(48:1)]_FA22:5
2995,TAG,824.8 -> 477.5,[TG(49:7)|TG(48:0)]_FA22:5
2996,TAG,826.7 -> 479.4,[TG(49:6)]_FA22:5
2997,TAG,828.7 -> 481.4,[TG(49:5)]_FA22:5
2998,TAG,834.8 -> 487.5,[TG(50:9)|TG(49:2)]_FA22:5
2999,TAG,836.8 -> 489.5,[TG(50:8)|TG(49:1)]_FA22:5
3000,TAG,838.8 -> 491.5,[TG(50:7)|TG(49:0)]_FA22:5
3001,TAG,840.7 -> 493.4,[TG(50:6)]_FA22:5
3002,TAG,842.7 -> 495.4,[TG(50:5)]_FA22:5
3003,TAG,848.8 -> 501.5,[TG(51:9)|TG(50:2)]_FA22:5
3004,TAG,850.8 -> 503.5,[TG(51:8)|TG(50:1)]_FA22:5
3005,TAG,852.8 -> 505.5,[TG(51:7)|TG(50:0)]_FA22:5
3006,TAG,854.7 -> 507.4,[TG(51:6)]_FA22:5
3007,TAG,856.7 -> 509.4,[TG(51:5)]_FA22:5
3008,TAG,860.8 -> 513.5,[TG(52:10)|TG(51:3)]_FA22:5
3009,TAG,862.8 -> 515.5,[TG(52:9)|TG(51:2)]_FA22:5
3010,TAG,864.8 -> 517.5,[TG(52:8)|TG(51:1)]_FA22:5
3011,TAG,866.8 -> 519.5,[TG(52:7)|TG(51:0)]_FA22:5
3012,TAG,868.7 -> 521.4,[TG(52:6)]_FA22:5
3013,TAG,870.8 -> 523.5,[TG(52:5)]_FA22:5
3014,TAG,874.8 -> 527.5,[TG(53:10)|TG(52:3)]_FA22:5
3015,TAG,876.8 -> 529.5,[TG(53:9)|TG(52:2)]_FA22:5
3016,TAG,878.8 -> 531.5,[TG(53:8)|TG(52:1)]_FA22:5
3017,TAG,880.8 -> 533.5,[TG(53:7)|TG(52:0)]_FA22:5
3018,TAG,882.8 -> 535.5,[TG(53:6)]_FA22:5
3019,TAG,884.8 -> 537.5,[TG(54:12)|TG(53:5)]_FA22:5
3020,TAG,886.8 -> 539.5,[TG(54:11)|TG(53:4)]_FA22:5
3021,TAG,888.8 -> 541.5,[TG(54:10)|TG(53:3)]_FA22:5
3022,TAG,890.8 -> 543.5,[TG(54:9)|TG(53:2)]_FA22:5
3023,TAG,892.8 -> 545.5,[TG(54:8)|TG(53:1)]_FA22:5
3024,TAG,894.8 -> 547.5,[TG(54:7)|TG(53:0)]_FA22:5
3025,TAG,896.8 -> 549.5,[TG(54:6)]_FA22:5
3026,TAG,898.8 -> 551.5,[TG(54:5)]_FA22:5
3027,TAG,900.8 -> 553.5,[TG(55:11)|TG(54:4)]_FA22:5
3028,TAG,902.8 -> 555.5,[TG(55:10)|TG(54:3)]_FA22:5
3029,TAG,904.8 -> 557.5,[TG(55:9)|TG(54:2)]_FA22:5
3030,TAG,906.8 -> 559.5,[TG(55:8)|TG(54:1)]_FA22:5
3031,TAG,908.9 -> 561.6,[TG(55:7)|TG(54:0)]_FA22:5
3032,TAG,910.8 -> 563.5,[TG(56:13)|TG(55:6)]_FA22:5
3033,TAG,912.8 -> 565.5,[TG(56:12)|TG(55:5)]_FA22:5
3034,TAG,914.8 -> 567.5,[TG(56:11)|TG(55:4)]_FA22:5
3035,TAG,916.8 -> 569.5,[TG(56:10)|TG(55:3)]_FA22:5
3036,TAG,918.8 -> 571.5,[TG(56:9)|TG(55:2)]_FA22:5
3037,TAG,920.9 -> 573.6,[TG(56:8)|TG(55:1)]_FA22:5
3038,TAG,922.9 -> 575.6,[TG(56:7)|TG(55:0)]_FA22:5
3039,TAG,924.8 -> 577.5,[TG(56:6)]_FA22:5
3040,TAG,926.8 -> 579.5,[TG(57:12)|TG(56:5)]_FA22:5
3041,TAG,928.8 -> 581.5,[TG(57:11)|TG(56:4)]_FA22:5
3042,TAG,930.8 -> 583.5,[TG(57:10)|TG(56:3)]_FA22:5
3043,TAG,932.9 -> 585.6,[TG(57:9)|TG(56:2)]_FA22:5
3044,TAG,934.9 -> 587.6,[TG(57:8)|TG(56:1)]_FA22:5
3045,TAG,936.9 -> 589.6,[TG(58:14)|TG(57:7)|TG(56:0)]_FA22:5
3046,TAG,938.8 -> 591.5,[TG(58:13)|TG(57:6)]_FA22:5
3047,TAG,940.8 -> 593.5,[TG(58:12)|TG(57:5)]_FA22:5
3048,TAG,942.8 -> 595.5,[TG(58:11)|TG(57:4)]_FA22:5
3049,TAG,944.9 -> 597.6,[TG(58:10)|TG(57:3)]_FA22:5
3050,TAG,946.9 -> 599.6,[TG(58:9)|TG(57:2)]_FA22:5
3051,TAG,948.9 -> 601.6,[TG(58:8)|TG(57:1)]_FA22:5
3052,TAG,950.9 -> 603.6,[TG(58:7)|TG(57:0)]_FA22:5
3053,TAG,952.8 -> 605.5,[TG(59:13)|TG(58:6)]_FA22:5
3054,TAG,954.8 -> 607.5,[TG(59:12)|TG(58:5)]_FA22:5
3055,TAG,956.9 -> 609.6,[TG(59:11)|TG(58:4)]_FA22:5
3056,TAG,958.9 -> 611.6,[TG(59:10)|TG(58:3)]_FA22:5
3057,TAG,960.9 -> 613.6,[TG(59:9)|TG(58:2)]_FA22:5
3058,TAG,962.9 -> 615.6,[TG(60:15)|TG(59:8)|TG(58:1)]_FA22:5
3059,TAG,964.9 -> 617.6,[TG(60:14)|TG(59:7)|TG(58:0)]_FA22:5
3060,TAG,966.8 -> 619.5,[TG(60:13)|TG(59:6)]_FA22:5
3061,TAG,968.9 -> 621.6,[TG(60:12)|TG(59:5)]_FA22:5
3062,TAG,970.9 -> 623.6,[TG(60:11)|TG(59:4)]_FA22:5
3063,TAG,972.9 -> 625.6,[TG(60:10)|TG(59:3)]_FA22:5
3064,TAG,974.9 -> 627.6,[TG(60:9)|TG(59:2)]_FA22:5
3065,TAG,976.9 -> 629.6,[TG(60:8)|TG(59:1)]_FA22:5
3066,TAG,978.9 -> 631.6,[TG(61:14)|TG(60:7)|TG(59:0)]_FA22:5
3067,TAG,980.9 -> 633.6,[TG(61:13)|TG(60:6)]_FA22:5
3068,TAG,982.9 -> 635.6,[TG(61:12)|TG(60:5)]_FA22:5
3069,TAG,984.9 -> 637.6,[TG(61:11)|TG(60:4)]_FA22:5
3070,TAG,986.9 -> 639.6,[TG(61:10)|TG(60:3)]_FA22:5
3071,TAG,988.9 -> 641.6,[TG(62:16)|TG(61:9)|TG(60:2)]_FA22:5
3072,TAG,990.9 -> 643.6,[TG(62:15)|TG(61:8)|TG(60:1)]_FA22:5
3073,TAG,993.0 -> 645.7,[TG(62:14)|TG(61:7)|TG(60:0)]_FA22:5
3074,TAG,994.9 -> 647.6,[TG(62:13)|TG(61:6)]_FA22:5
3075,TAG,996.9 -> 649.6,[TG(62:12)|TG(61:5)]_FA22:5
3076,TAG,998.9 -> 651.6,[TG(62:11)|TG(61:4)]_FA22:5
3077,TAG,1000.9 -> 653.6,[TG(62:10)|TG(61:3)]_FA22:5
3078,TAG,1002.9 -> 655.6,[TG(62:9)|TG(61:2)]_FA22:5
3079,TAG,1005.0 -> 657.7,[TG(62:8)|TG(61:1)]_FA22:5
3080,TAG,1007.0 -> 659.7,[TG(62:7)|TG(61:0)]_FA22:5
3081,TAG,1008.9 -> 661.6,[TG(63:13)|TG(62:6)]_FA22:5
3082,TAG,1010.9 -> 663.6,[TG(63:12)|TG(62:5)]_FA22:5
3083,TAG,1012.9 -> 665.6,[TG(63:11)|TG(62:4)]_FA22:5
3084,TAG,1014.9 -> 667.6,[TG(64:17)|TG(63:10)|TG(62:3)]_FA22:5
3085,TAG,1017.0 -> 669.7,[TG(64:16)|TG(63:9)|TG(62:2)]_FA22:5
3086,TAG,1019.0 -> 671.7,[TG(64:15)|TG(63:8)|TG(62:1)]_FA22:5
3087,TAG,1021.0 -> 673.7,[TG(64:14)|TG(63:7)|TG(62:0)]_FA22:5
3088,TAG,1022.9 -> 675.6,[TG(64:13)|TG(63:6)]_FA22:5
3089,TAG,1024.9 -> 677.6,[TG(64:12)|TG(63:5)]_FA22:5
3090,TAG,1026.9 -> 679.6,[TG(64:11)|TG(63:4)]_FA22:5
3091,TAG,1029.0 -> 681.7,[TG(64:10)|TG(63:3)]_FA22:5
3092,TAG,1031.0 -> 683.7,[TG(64:9)|TG(63:2)]_FA22:5
3093,TAG,1033.0 -> 685.7,[TG(64:8)|TG(63:1)]_FA22:5
3094,TAG,1035.0 -> 687.7,[TG(64:7)|TG(63:0)]_FA22:5
3095,TAG,1036.9 -> 689.6,[TG(64:6)]_FA22:5
3096,TAG,1038.9 -> 691.6,[TG(65:12)|TG(64:5)]_FA22:5
3097,TAG,1041.0 -> 693.7,[TG(66:18)|TG(65:11)|TG(64:4)]_FA22:5
3098,TAG,1043.0 -> 695.7,[TG(66:17)|TG(65:10)|TG(64:3)]_FA22:5
3099,TAG,1045.0 -> 697.7,[TG(66:16)|TG(65:9)|TG(64:2)]_FA22:5
3100,TAG,1047.0 -> 699.7,[TG(66:15)|TG(65:8)|TG(64:1)]_FA22:5
3101,TAG,1049.0 -> 701.7,[TG(66:14)|TG(65:7)|TG(64:0)]_FA22:5
3102,TAG,1050.9 -> 703.6,[TG(66:13)|TG(65:6)]_FA22:5
3103,TAG,1053.0 -> 705.7,[TG(66:12)|TG(65:5)]_FA22:5
3104,TAG,1055.0 -> 707.7,[TG(66:11)|TG(65:4)]_FA22:5
3105,TAG,1057.0 -> 709.7,[TG(66:10)|TG(65:3)]_FA22:5
3106,TAG,1059.0 -> 711.7,[TG(66:9)|TG(65:2)]_FA22:5
3107,TAG,1061.0 -> 713.7,[TG(66:8)|TG(65:1)]_FA22:5
3108,TAG,1062.9 -> 715.6,[TG(66:7)]_FA22:5
3109,TAG,1065.0 -> 717.7,[TG(66:6)]_FA22:5
3110,TAG,1067.0 -> 719.7,[TG(66:5)]_FA22:5
3111,TAG,784.6 -> 439.3,[TG(46:6)]_FA22:6
3112,TAG,798.7 -> 453.4,[TG(47:6)]_FA22:6
3113,TAG,808.7 -> 463.4,[TG(48:8)|TG(47:1)]_FA22:6
3114,TAG,810.8 -> 465.5,[TG(48:7)|TG(47:0)]_FA22:6
3115,TAG,812.7 -> 467.4,[TG(48:6)]_FA22:6
3116,TAG,822.8 -> 477.5,[TG(49:8)|TG(48:1)]_FA22:6
3117,TAG,824.8 -> 479.5,[TG(49:7)|TG(48:0)]_FA22:6
3118,TAG,826.7 -> 481.4,[TG(49:6)]_FA22:6
3119,TAG,834.8 -> 489.5,[TG(50:9)|TG(49:2)]_FA22:6
3120,TAG,836.8 -> 491.5,[TG(50:8)|TG(49:1)]_FA22:6
3121,TAG,838.8 -> 493.5,[TG(50:7)|TG(49:0)]_FA22:6
3122,TAG,840.7 -> 495.4,[TG(50:6)]_FA22:6
3123,TAG,848.8 -> 503.5,[TG(51:9)|TG(50:2)]_FA22:6
3124,TAG,850.8 -> 505.5,[TG(51:8)|TG(50:1)]_FA22:6
3125,TAG,852.8 -> 507.5,[TG(51:7)|TG(50:0)]_FA22:6
3126,TAG,854.7 -> 509.4,[TG(51:6)]_FA22:6
3127,TAG,860.8 -> 515.5,[TG(52:10)|TG(51:3)]_FA22:6
3128,TAG,862.8 -> 517.5,[TG(52:9)|TG(51:2)]_FA22:6
3129,TAG,864.8 -> 519.5,[TG(52:8)|TG(51:1)]_FA22:6
3130,TAG,866.8 -> 521.5,[TG(52:7)|TG(51:0)]_FA22:6
3131,TAG,868.7 -> 523.4,[TG(52:6)]_FA22:6
3132,TAG,874.8 -> 529.5,[TG(53:10)|TG(52:3)]_FA22:6
3133,TAG,876.8 -> 531.5,[TG(53:9)|TG(52:2)]_FA22:6
3134,TAG,878.8 -> 533.5,[TG(53:8)|TG(52:1)]_FA22:6
3135,TAG,880.8 -> 535.5,[TG(53:7)|TG(52:0)]_FA22:6
3136,TAG,882.8 -> 537.5,[TG(53:6)]_FA22:6
3137,TAG,884.8 -> 539.5,[TG(54:12)|TG(53:5)]_FA22:6
3138,TAG,886.8 -> 541.5,[TG(54:11)|TG(53:4)]_FA22:6
3139,TAG,888.8 -> 543.5,[TG(54:10)|TG(53:3)]_FA22:6
3140,TAG,890.8 -> 545.5,[TG(54:9)|TG(53:2)]_FA22:6
3141,TAG,892.8 -> 547.5,[TG(54:8)|TG(53:1)]_FA22:6
3142,TAG,894.8 -> 549.5,[TG(54:7)|TG(53:0)]_FA22:6
3143,TAG,896.8 -> 551.5,[TG(54:6)]_FA22:6
3144,TAG,900.8 -> 555.5,[TG(55:11)|TG(54:4)]_FA22:6
3145,TAG,902.8 -> 557.5,[TG(55:10)|TG(54:3)]_FA22:6
3146,TAG,904.8 -> 559.5,[TG(55:9)|TG(54:2)]_FA22:6
3147,TAG,906.8 -> 561.5,[TG(55:8)|TG(54:1)]_FA22:6
3148,TAG,908.9 -> 563.6,[TG(55:7)|TG(54:0)]_FA22:6
3149,TAG,910.8 -> 565.5,[TG(56:13)|TG(55:6)]_FA22:6
3150,TAG,912.8 -> 567.5,[TG(56:12)|TG(55:5)]_FA22:6
3151,TAG,914.8 -> 569.5,[TG(56:11)|TG(55:4)]_FA22:6
3152,TAG,916.8 -> 571.5,[TG(56:10)|TG(55:3)]_FA22:6
3153,TAG,918.8 -> 573.5,[TG(56:9)|TG(55:2)]_FA22:6
3154,TAG,920.9 -> 575.6,[TG(56:8)|TG(55:1)]_FA22:6
3155,TAG,922.9 -> 577.6,[TG(56:7)|TG(55:0)]_FA22:6
3156,TAG,924.8 -> 579.5,[TG(56:6)]_FA22:6
3157,TAG,926.8 -> 581.5,[TG(57:12)|TG(56:5)]_FA22:6
3158,TAG,928.8 -> 583.5,[TG(57:11)|TG(56:4)]_FA22:6
3159,TAG,930.8 -> 585.5,[TG(57:10)|TG(56:3)]_FA22:6
3160,TAG,932.9 -> 587.6,[TG(57:9)|TG(56:2)]_FA22:6
3161,TAG,934.9 -> 589.6,[TG(57:8)|TG(56:1)]_FA22:6
3162,TAG,936.9 -> 591.6,[TG(58:14)|TG(57:7)|TG(56:0)]_FA22:6
3163,TAG,938.8 -> 593.5,[TG(58:13)|TG(57:6)]_FA22:6
3164,TAG,940.8 -> 595.5,[TG(58:12)|TG(57:5)]_FA22:6
3165,TAG,942.8 -> 597.5,[TG(58:11)|TG(57:4)]_FA22:6
3166,TAG,944.9 -> 599.6,[TG(58:10)|TG(57:3)]_FA22:6
3167,TAG,946.9 -> 601.6,[TG(58:9)|TG(57:2)]_FA22:6
3168,TAG,948.9 -> 603.6,[TG(58:8)|TG(57:1)]_FA22:6
3169,TAG,950.9 -> 605.6,[TG(58:7)|TG(57:0)]_FA22:6
3170,TAG,952.8 -> 607.5,[TG(59:13)|TG(58:6)]_FA22:6
3171,TAG,954.8 -> 609.5,[TG(59:12)|TG(58:5)]_FA22:6
3172,TAG,956.9 -> 611.6,[TG(59:11)|TG(58:4)]_FA22:6
3173,TAG,958.9 -> 613.6,[TG(59:10)|TG(58:3)]_FA22:6
3174,TAG,960.9 -> 615.6,[TG(59:9)|TG(58:2)]_FA22:6
3175,TAG,962.9 -> 617.6,[TG(60:15)|TG(59:8)|TG(58:1)]_FA22:6
3176,TAG,964.9 -> 619.6,[TG(60:14)|TG(59:7)|TG(58:0)]_FA22:6
3177,TAG,966.8 -> 621.5,[TG(60:13)|TG(59:6)]_FA22:6
3178,TAG,968.9 -> 623.6,[TG(60:12)|TG(59:5)]_FA22:6
3179,TAG,970.9 -> 625.6,[TG(60:11)|TG(59:4)]_FA22:6
3180,TAG,972.9 -> 627.6,[TG(60:10)|TG(59:3)]_FA22:6
3181,TAG,974.9 -> 629.6,[TG(60:9)|TG(59:2)]_FA22:6
3182,TAG,976.9 -> 631.6,[TG(60:8)|TG(59:1)]_FA22:6
3183,TAG,978.9 -> 633.6,[TG(61:14)|TG(60:7)|TG(59:0)]_FA22:6
3184,TAG,980.9 -> 635.6,[TG(61:13)|TG(60:6)]_FA22:6
3185,TAG,982.9 -> 637.6,[TG(61:12)|TG(60:5)]_FA22:6
3186,TAG,984.9 -> 639.6,[TG(61:11)|TG(60:4)]_FA22:6
3187,TAG,986.9 -> 641.6,[TG(61:10)|TG(60:3)]_FA22:6
3188,TAG,988.9 -> 643.6,[TG(62:16)|TG(61:9)|TG(60:2)]_FA22:6
3189,TAG,990.9 -> 645.6,[TG(62:15)|TG(61:8)|TG(60:1)]_FA22:6
3190,TAG,993.0 -> 647.7,[TG(62:14)|TG(61:7)|TG(60:0)]_FA22:6
3191,TAG,994.9 -> 649.6,[TG(62:13)|TG(61:6)]_FA22:6
3192,TAG,996.9 -> 651.6,[TG(62:12)|TG(61:5)]_FA22:6
3193,TAG,998.9 -> 653.6,[TG(62:11)|TG(61:4)]_FA22:6
3194,TAG,1000.9 -> 655.6,[TG(62:10)|TG(61:3)]_FA22:6
3195,TAG,1002.9 -> 657.6,[TG(62:9)|TG(61:2)]_FA22:6
3196,TAG,1005.0 -> 659.7,[TG(62:8)|TG(61:1)]_FA22:6
3197,TAG,1007.0 -> 661.7,[TG(62:7)|TG(61:0)]_FA22:6
3198,TAG,1008.9 -> 663.6,[TG(63:13)|TG(62:6)]_FA22:6
3199,TAG,1010.9 -> 665.6,[TG(63:12)|TG(62:5)]_FA22:6
3200,TAG,1012.9 -> 667.6,[TG(63:11)|TG(62:4)]_FA22:6
3201,TAG,1014.9 -> 669.6,[TG(64:17)|TG(63:10)|TG(62:3)]_FA22:6
3202,TAG,1017.0 -> 671.7,[TG(64:16)|TG(63:9)|TG(62:2)]_FA22:6
3203,TAG,1019.0 -> 673.7,[TG(64:15)|TG(63:8)|TG(62:1)]_FA22:6
3204,TAG,1021.0 -> 675.7,[TG(64:14)|TG(63:7)|TG(62:0)]_FA22:6
3205,TAG,1022.9 -> 677.6,[TG(64:13)|TG(63:6)]_FA22:6
3206,TAG,1024.9 -> 679.6,[TG(64:12)|TG(63:5)]_FA22:6
3207,TAG,1026.9 -> 681.6,[TG(64:11)|TG(63:4)]_FA22:6
3208,TAG,1029.0 -> 683.7,[TG(64:10)|TG(63:3)]_FA22:6
3209,TAG,1031.0 -> 685.7,[TG(64:9)|TG(63:2)]_FA22:6
3210,TAG,1033.0 -> 687.7,[TG(64:8)|TG(63:1)]_FA22:6
3211,TAG,1035.0 -> 689.7,[TG(64:7)|TG(63:0)]_FA22:6
3212,TAG,1036.9 -> 691.6,[TG(64:6)]_FA22:6
3213,TAG,1038.9 -> 693.6,[TG(65:12)|TG(64:5)]_FA22:6
3214,TAG,1041.0 -> 695.7,[TG(66:18)|TG(65:11)|TG(64:4)]_FA22:6
3215,TAG,1043.0 -> 697.7,[TG(66:17)|TG(65:10)|TG(64:3)]_FA22:6
3216,TAG,1045.0 -> 699.7,[TG(66:16)|TG(65:9)|TG(64:2)]_FA22:6
3217,TAG,1047.0 -> 701.7,[TG(66:15)|TG(65:8)|TG(64:1)]_FA22:6
3218,TAG,1049.0 -> 703.7,[TG(66:14)|TG(65:7)|TG(64:0)]_FA22:6
3219,TAG,1050.9 -> 705.6,[TG(66:13)|TG(65:6)]_FA22:6
3220,TAG,1053.0 -> 707.7,[TG(66:12)|TG(65:5)]_FA22:6
3221,TAG,1055.0 -> 709.7,[TG(66:11)|TG(65:4)]_FA22:6
3222,TAG,1057.0 -> 711.7,[TG(66:10)|TG(65:3)]_FA22:6
3223,TAG,1059.0 -> 713.7,[TG(66:9)|TG(65:2)]_FA22:6
3224,TAG,1061.0 -> 715.7,[TG(66:8)|TG(65:1)]_FA22:6
3225,TAG,1062.9 -> 717.6,[TG(66:7)]_FA22:6
3226,TAG,1065.0 -> 719.7,[TG(66:6)]_FA22:6
