Lipid,Class,07052023_ELOVL1_5Xdilution_HEPG2-01,07052023_ELOVL1_5Xdilution_HEPG2-02,07052023_ELOVL1_5Xdilution_HEPG2-03,07052023_ELOVL1_5Xdilution_HEK293-01,07052023_ELOVL1_5Xdilution_HEK293-02,07052023_ELOVL1_5Xdilution_HEK293-03,07052023_ELOVL1_5Xdilution_Blank-01,Title1,Title2,Title,length1,length2,Blank_name
FA(10:0) | FA(10:0),FA,42503.42297,102436.4468,151725.4302,68402.58453,119254.2484,150274.0503,22087.90182,Cell Line: HEP,Cell Line: HEK,Cell Line: HEP vs Cell Line: HEKBlank1,3,3,07052023_ELOVL1_5Xdilution_Blank-01
FA(10:0) | FA(10:0)_2,FA,43853.3031,105093.3673,146423.8512,73308.42523,121873.5093,150260.6907,20962.02151,Cell Line: HEP,Cell Line: HEK,Cell Line: HEP vs Cell Line: HEKBlank1,3,3,07052023_ELOVL1_5Xdilution_Blank-01
FA(10:1),FA,36441.46249,87649.04608,121415.8483,59419.88434,101617.0861,117447.4087,17463.8811,Cell Line: HEP,Cell Line: HEK,Cell Line: HEP vs Cell Line: HEKBlank1,3,3,07052023_ELOVL1_5Xdilution_Blank-01
FA(10:2),FA,20636.8215,46147.04321,63029.16455,30060.22209,52227.70345,57920.20392,11371.64085,Cell Line: HEP,Cell Line: HEK,Cell Line: HEP vs Cell Line: HEKBlank1,3,3,07052023_ELOVL1_5Xdilution_Blank-01
FA(10:3),FA,29131.54184,64517.88477,89798.78503,39570.86261,63461.78455,81915.74548,18861.10143,Cell Line: HEP,Cell Line: HEK,Cell Line: HEP vs Cell Line: HEKBlank1,3,3,07052023_ELOVL1_5Xdilution_Blank-01
FA(10:4),FA,26093.30202,53884.66394,81281.76593,41741.103,65089.54474,81743.20636,13677.30086,Cell Line: HEP,Cell Line: HEK,Cell Line: HEP vs Cell Line: HEKBlank1,3,3,07052023_ELOVL1_5Xdilution_Blank-01
FA(10:5),FA,72813.34503,162593.1718,216266.5352,127849.3087,197968.0952,219281.2965,36125.04254,Cell Line: HEP,Cell Line: HEK,Cell Line: HEP vs Cell Line: HEKBlank1,3,3,07052023_ELOVL1_5Xdilution_Blank-01
FA(10:6),FA,82369.30615,208760.4739,301654.1626,157149.8917,271764.8198,318724.9233,37498.36261,Cell Line: HEP,Cell Line: HEK,Cell Line: HEP vs Cell Line: HEKBlank1,3,3,07052023_ELOVL1_5Xdilution_Blank-01
FA(11:0),FA,30302.28214,69470.74548,108840.1277,49030.14328,86850.30615,106717.2479,15867.10107,Cell Line: HEP,Cell Line: HEK,Cell Line: HEP vs Cell Line: HEKBlank1,3,3,07052023_ELOVL1_5Xdilution_Blank-01
FA(11:1),FA,13399.28094,28899.46216,45804.44336,22007.84161,36931.94281,47441.34348,7222.460487,Cell Line: HEP,Cell Line: HEK,Cell Line: HEP vs Cell Line: HEKBlank1,3,3,07052023_ELOVL1_5Xdilution_Blank-01
FA(11:2),FA,46936.74359,102132.1874,155977.451,76461.14569,122870.5285,165995.1705,23154.36157,Cell Line: HEP,Cell Line: HEK,Cell Line: HEP vs Cell Line: HEKBlank1,3,3,07052023_ELOVL1_5Xdilution_Blank-01
FA(11:6),FA,69076.82458,164607.0715,232127.7366,117051.9485,195090.1747,240912.3749,35226.24213,Cell Line: HEP,Cell Line: HEK,Cell Line: HEP vs Cell Line: HEKBlank1,3,3,07052023_ELOVL1_5Xdilution_Blank-01
FA(12:0),FA,32525.26251,68875.86499,89276.80627,42125.92319,69770.82489,85996.40607,19471.36136,Cell Line: HEP,Cell Line: HEK,Cell Line: HEP vs Cell Line: HEKBlank1,3,3,07052023_ELOVL1_5Xdilution_Blank-01
FA(12:1),FA,47404.76331,80313.92566,83847.48633,51234.90347,66343.36479,67024.50473,28290.24197,Cell Line: HEP,Cell Line: HEK,Cell Line: HEP vs Cell Line: HEKBlank1,3,3,07052023_ELOVL1_5Xdilution_Blank-01
FA(12:2),FA,36473.86249,58835.72415,58578.02386,35677.72281,46511.62321,44894.06342,22258.86166,Cell Line: HEP,Cell Line: HEK,Cell Line: HEP vs Cell Line: HEKBlank1,3,3,07052023_ELOVL1_5Xdilution_Blank-01
FA(12:4),FA,9812.020737,21427.18143,28095.92212,15056.66113,26138.78183,31994.46231,5617.840393,Cell Line: HEP,Cell Line: HEK,Cell Line: HEP vs Cell Line: HEKBlank1,3,3,07052023_ELOVL1_5Xdilution_Blank-01
FA(12:5),FA,21267.46158,49694.64349,74856.08533,37733.86258,58958.88416,76132.64526,10699.90066,Cell Line: HEP,Cell Line: HEK,Cell Line: HEP vs Cell Line: HEKBlank1,3,3,07052023_ELOVL1_5Xdilution_Blank-01
FA(12:6),FA,66205.68494,158153.1106,232288.2576,111435.0875,187716.1139,229327.7561,30382.9223,Cell Line: HEP,Cell Line: HEK,Cell Line: HEP vs Cell Line: HEKBlank1,3,3,07052023_ELOVL1_5Xdilution_Blank-01
FA(13:0) | FA(14:7),FA,27477.44189,54567.16351,63045.12445,41880.06322,61154.46449,62438.34427,18690.76132,Cell Line: HEP,Cell Line: HEK,Cell Line: HEP vs Cell Line: HEKBlank1,3,3,07052023_ELOVL1_5Xdilution_Blank-01
FA(13:0) | FA(14:7)_2,FA,8366.020515,16398.78119,16721.10109,12310.12089,15341.14114,17979.76115,6520.920448,Cell Line: HEP,Cell Line: HEK,Cell Line: HEP vs Cell Line: HEKBlank1,3,3,07052023_ELOVL1_5Xdilution_Blank-01
FA(13:1),FA,6053.260406,13651.92096,15213.82106,9578.680706,12310.94087,13991.72098,5104.160378,Cell Line: HEP,Cell Line: HEK,Cell Line: HEP vs Cell Line: HEKBlank1,3,3,07052023_ELOVL1_5Xdilution_Blank-01
FA(13:2),FA,6780.040489,10704.60082,13092.16092,7842.50061,10577.82076,11804.14087,4408.04031,Cell Line: HEP,Cell Line: HEK,Cell Line: HEP vs Cell Line: HEKBlank1,3,3,07052023_ELOVL1_5Xdilution_Blank-01
FA(14:0),FA,7959.5205,12217.06081,16425.44115,10611.74068,13959.08104,15467.50133,5607.780422,Cell Line: HEP,Cell Line: HEK,Cell Line: HEP vs Cell Line: HEKBlank1,3,3,07052023_ELOVL1_5Xdilution_Blank-01
FA(14:1),FA,12013.82086,18387.64127,21429.48146,14397.54103,18628.28135,21564.74147,6910.840454,Cell Line: HEP,Cell Line: HEK,Cell Line: HEP vs Cell Line: HEKBlank1,3,3,07052023_ELOVL1_5Xdilution_Blank-01
FA(14:2),FA,16171.76117,27584.34198,33023.18225,20453.10144,25781.16171,28620.94235,9307.320679,Cell Line: HEP,Cell Line: HEK,Cell Line: HEP vs Cell Line: HEKBlank1,3,3,07052023_ELOVL1_5Xdilution_Blank-01
FA(14:4),FA,4133.560295,7160.860497,7721.920578,5126.400368,7399.780483,7731.300545,3332.660213,Cell Line: HEP,Cell Line: HEK,Cell Line: HEP vs Cell Line: HEKBlank1,3,3,07052023_ELOVL1_5Xdilution_Blank-01
FA(14:5),FA,18026.02121,33914.70239,42023.68274,27511.62189,39256.66301,43033.42317,10182.20072,Cell Line: HEP,Cell Line: HEK,Cell Line: HEP vs Cell Line: HEKBlank1,3,3,07052023_ELOVL1_5Xdilution_Blank-01
FA(14:6),FA,57651.58423,118878.0088,135015.4501,90528.96643,126252.6492,139807.0488,37020.60257,Cell Line: HEP,Cell Line: HEK,Cell Line: HEP vs Cell Line: HEKBlank1,3,3,07052023_ELOVL1_5Xdilution_Blank-01
FA(15:0) | FA(16:7),FA,22456.28159,40562.2229,49652.1037,34103.08246,44510.20323,50054.84357,13611.88095,Cell Line: HEP,Cell Line: HEK,Cell Line: HEP vs Cell Line: HEKBlank1,3,3,07052023_ELOVL1_5Xdilution_Blank-01
FA(15:0) | FA(16:7)_2,FA,7857.280586,9759.840683,11850.42088,9276.240631,11409.44069,12742.00081,4789.720364,Cell Line: HEP,Cell Line: HEK,Cell Line: HEP vs Cell Line: HEKBlank1,3,3,07052023_ELOVL1_5Xdilution_Blank-01
FA(15:1),FA,3556.180237,5409.420361,6535.800476,4645.460312,5159.440392,6115.660408,2852.32019,Cell Line: HEP,Cell Line: HEK,Cell Line: HEP vs Cell Line: HEKBlank1,3,3,07052023_ELOVL1_5Xdilution_Blank-01
FA(15:2),FA,2780.860226,3706.380264,3938.240307,3437.180252,3669.140266,3557.700241,2357.040165,Cell Line: HEP,Cell Line: HEK,Cell Line: HEP vs Cell Line: HEKBlank1,3,3,07052023_ELOVL1_5Xdilution_Blank-01
FA(15:3),FA,3563.700264,4735.14035,5737.380447,3957.640289,4543.440323,5883.00042,2605.340183,Cell Line: HEP,Cell Line: HEK,Cell Line: HEP vs Cell Line: HEKBlank1,3,3,07052023_ELOVL1_5Xdilution_Blank-01
FA(15:5),FA,11997.7408,20820.00153,28300.62204,19005.16135,25448.88185,29105.96205,6988.280502,Cell Line: HEP,Cell Line: HEK,Cell Line: HEP vs Cell Line: HEKBlank1,3,3,07052023_ELOVL1_5Xdilution_Blank-01
FA(15:6),FA,31890.08209,63006.52466,79672.4256,52703.74338,72044.94446,77872.60513,18873.64133,Cell Line: HEP,Cell Line: HEK,Cell Line: HEP vs Cell Line: HEKBlank1,3,3,07052023_ELOVL1_5Xdilution_Blank-01
FA(16:0),FA,15856.66115,20372.70148,23596.36127,12486.3009,14675.48106,17925.20126,7246.500496,Cell Line: HEP,Cell Line: HEK,Cell Line: HEP vs Cell Line: HEKBlank1,3,3,07052023_ELOVL1_5Xdilution_Blank-01
FA(16:1),FA,3421.200253,5459.56041,5898.500385,4333.920322,5705.200417,6213.680439,2717.240196,Cell Line: HEP,Cell Line: HEK,Cell Line: HEP vs Cell Line: HEKBlank1,3,3,07052023_ELOVL1_5Xdilution_Blank-01
FA(16:2),FA,2651.040203,3509.380222,4235.300304,3106.000237,3487.740253,3941.860271,2466.840176,Cell Line: HEP,Cell Line: HEK,Cell Line: HEP vs Cell Line: HEKBlank1,3,3,07052023_ELOVL1_5Xdilution_Blank-01
FA(16:3),FA,8111.960602,11826.96089,13131.84085,7915.480583,9928.04068,11970.26079,4891.900322,Cell Line: HEP,Cell Line: HEK,Cell Line: HEP vs Cell Line: HEKBlank1,3,3,07052023_ELOVL1_5Xdilution_Blank-01
FA(16:4),FA,5991.900467,9600.580704,11524.70081,8140.400578,10212.26073,10978.56073,3456.200226,Cell Line: HEP,Cell Line: HEK,Cell Line: HEP vs Cell Line: HEKBlank1,3,3,07052023_ELOVL1_5Xdilution_Blank-01
FA(16:5),FA,12572.42099,21779.14163,28508.28201,17565.42113,25733.12193,29627.00199,8071.360641,Cell Line: HEP,Cell Line: HEK,Cell Line: HEP vs Cell Line: HEKBlank1,3,3,07052023_ELOVL1_5Xdilution_Blank-01
FA(16:6),FA,21011.08139,37779.96259,46403.76349,31654.28212,40385.18263,46777.28299,13822.12093,Cell Line: HEP,Cell Line: HEK,Cell Line: HEP vs Cell Line: HEKBlank1,3,3,07052023_ELOVL1_5Xdilution_Blank-01
FA(17:0) | FA(18:7),FA,22624.66141,37140.08276,43159.98322,28450.64206,33446.64197,38384.16272,12866.50098,Cell Line: HEP,Cell Line: HEK,Cell Line: HEP vs Cell Line: HEKBlank1,3,3,07052023_ELOVL1_5Xdilution_Blank-01
FA(17:0) | FA(18:7)_2,FA,5350.6404,7014.100502,8291.420601,5809.540432,7298.700531,7853.740601,3547.300274,Cell Line: HEP,Cell Line: HEK,Cell Line: HEP vs Cell Line: HEKBlank1,3,3,07052023_ELOVL1_5Xdilution_Blank-01
FA(17:1),FA,2885.680195,2997.000195,3832.560303,3343.740242,3599.560257,3501.34026,2603.400162,Cell Line: HEP,Cell Line: HEK,Cell Line: HEP vs Cell Line: HEKBlank1,3,3,07052023_ELOVL1_5Xdilution_Blank-01
FA(17:2),FA,5278.400375,7989.740608,11102.60077,7377.300522,7941.90049,10062.24073,4681.540371,Cell Line: HEP,Cell Line: HEK,Cell Line: HEP vs Cell Line: HEKBlank1,3,3,07052023_ELOVL1_5Xdilution_Blank-01
FA(17:3),FA,2283.800163,2751.680199,3685.820251,3154.38023,3177.260235,3085.600231,2100.480145,Cell Line: HEP,Cell Line: HEK,Cell Line: HEP vs Cell Line: HEKBlank1,3,3,07052023_ELOVL1_5Xdilution_Blank-01
FA(17:4),FA,3028.300201,3031.120224,4002.440273,2979.380215,3125.880234,3776.140301,2556.760189,Cell Line: HEP,Cell Line: HEK,Cell Line: HEP vs Cell Line: HEKBlank1,3,3,07052023_ELOVL1_5Xdilution_Blank-01
FA(17:6),FA,16187.26112,27796.42194,33754.0625,23096.90161,29018.58197,32734.12213,9970.280769,Cell Line: HEP,Cell Line: HEK,Cell Line: HEP vs Cell Line: HEKBlank1,3,3,07052023_ELOVL1_5Xdilution_Blank-01
FA(18:0),FA,18137.00132,21068.78191,22864.56154,8355.840576,10117.36069,13685.50111,5221.220387,Cell Line: HEP,Cell Line: HEK,Cell Line: HEP vs Cell Line: HEKBlank1,3,3,07052023_ELOVL1_5Xdilution_Blank-01
FA(18:1),FA,3324.060253,4561.30035,5171.640362,4174.460304,4252.720268,4148.620293,2713.100201,Cell Line: HEP,Cell Line: HEK,Cell Line: HEP vs Cell Line: HEKBlank1,3,3,07052023_ELOVL1_5Xdilution_Blank-01
FA(18:2),FA,2769.000195,3634.640259,3778.360271,3106.600224,3043.320206,3741.940243,2087.680164,Cell Line: HEP,Cell Line: HEK,Cell Line: HEP vs Cell Line: HEKBlank1,3,3,07052023_ELOVL1_5Xdilution_Blank-01
FA(18:3),FA,4092.880314,5252.540359,5586.480396,3931.600277,4724.640305,4727.080303,3219.180202,Cell Line: HEP,Cell Line: HEK,Cell Line: HEP vs Cell Line: HEKBlank1,3,3,07052023_ELOVL1_5Xdilution_Blank-01
FA(18:4),FA,5497.3004,5087.080349,5250.540371,4516.380325,4289.520302,4732.520298,4301.960297,Cell Line: HEP,Cell Line: HEK,Cell Line: HEP vs Cell Line: HEKBlank1,3,3,07052023_ELOVL1_5Xdilution_Blank-01
FA(18:5),FA,6327.620506,8085.400627,8870.540588,6801.700447,7516.98053,9273.460716,4837.100346,Cell Line: HEP,Cell Line: HEK,Cell Line: HEP vs Cell Line: HEKBlank1,3,3,07052023_ELOVL1_5Xdilution_Blank-01
FA(18:6),FA,28782.94196,44260.24292,55080.90369,37036.68243,46779.92316,52809.46375,17309.1412,Cell Line: HEP,Cell Line: HEK,Cell Line: HEP vs Cell Line: HEKBlank1,3,3,07052023_ELOVL1_5Xdilution_Blank-01
FA(19:0),FA,4870.280315,6646.560497,7040.360504,5463.700356,5522.900356,6638.940479,4109.720306,Cell Line: HEP,Cell Line: HEK,Cell Line: HEP vs Cell Line: HEKBlank1,3,3,07052023_ELOVL1_5Xdilution_Blank-01
FA(19:1),FA,3313.30024,4393.90033,5057.820366,3619.060268,4317.600288,4899.480377,2866.520199,Cell Line: HEP,Cell Line: HEK,Cell Line: HEP vs Cell Line: HEKBlank1,3,3,07052023_ELOVL1_5Xdilution_Blank-01
FA(19:2),FA,3607.200237,4893.800358,5535.700378,4240.900295,3946.100231,4762.280331,3242.740219,Cell Line: HEP,Cell Line: HEK,Cell Line: HEP vs Cell Line: HEKBlank1,3,3,07052023_ELOVL1_5Xdilution_Blank-01
FA(19:4),FA,3512.060257,5208.800377,4910.960373,3787.20026,4754.76038,4696.220314,2883.48019,Cell Line: HEP,Cell Line: HEK,Cell Line: HEP vs Cell Line: HEKBlank1,3,3,07052023_ELOVL1_5Xdilution_Blank-01
FA(19:5),FA,4544.760303,6481.100471,7827.260536,5592.960415,6359.300449,7742.020554,3634.34029,Cell Line: HEP,Cell Line: HEK,Cell Line: HEP vs Cell Line: HEKBlank1,3,3,07052023_ELOVL1_5Xdilution_Blank-01
FA(19:6),FA,11929.30093,16407.62137,19752.50133,12428.76089,14479.44098,17218.92136,7145.200508,Cell Line: HEP,Cell Line: HEK,Cell Line: HEP vs Cell Line: HEKBlank1,3,3,07052023_ELOVL1_5Xdilution_Blank-01
FA(20:0),FA,5292.560356,6909.700523,7059.440556,5521.000412,5933.960403,6502.140442,3595.220215,Cell Line: HEP,Cell Line: HEK,Cell Line: HEP vs Cell Line: HEKBlank1,3,3,07052023_ELOVL1_5Xdilution_Blank-01
FA(20:1),FA,2782.58017,3710.320259,3509.000259,3540.32024,3492.140217,4209.980282,2556.120213,Cell Line: HEP,Cell Line: HEK,Cell Line: HEP vs Cell Line: HEKBlank1,3,3,07052023_ELOVL1_5Xdilution_Blank-01
FA(20:2),FA,2994.280216,4145.960285,4463.300293,3246.34024,3528.100258,3936.88028,2234.480156,Cell Line: HEP,Cell Line: HEK,Cell Line: HEP vs Cell Line: HEKBlank1,3,3,07052023_ELOVL1_5Xdilution_Blank-01
FA(20:3),FA,2841.840206,4356.680313,4643.640331,3865.280243,4122.380302,4641.860344,2332.300171,Cell Line: HEP,Cell Line: HEK,Cell Line: HEP vs Cell Line: HEKBlank1,3,3,07052023_ELOVL1_5Xdilution_Blank-01
FA(20:4),FA,3738.640289,4840.560341,5483.740364,4582.1203,3918.520298,5706.960403,2832.940201,Cell Line: HEP,Cell Line: HEK,Cell Line: HEP vs Cell Line: HEKBlank1,3,3,07052023_ELOVL1_5Xdilution_Blank-01
FA(20:5),FA,7018.140472,9964.140724,11716.78087,8209.940598,8633.760612,10190.62073,5127.280407,Cell Line: HEP,Cell Line: HEK,Cell Line: HEP vs Cell Line: HEKBlank1,3,3,07052023_ELOVL1_5Xdilution_Blank-01
FA(20:6),FA,23303.66174,35921.28271,41335.02307,27166.44177,34657.0425,39359.22247,15563.06108,Cell Line: HEP,Cell Line: HEK,Cell Line: HEP vs Cell Line: HEKBlank1,3,3,07052023_ELOVL1_5Xdilution_Blank-01
FA(21:0),FA,6670.280479,8886.680641,8380.520599,6450.300488,7171.740486,7391.900543,4134.6203,Cell Line: HEP,Cell Line: HEK,Cell Line: HEP vs Cell Line: HEKBlank1,3,3,07052023_ELOVL1_5Xdilution_Blank-01
FA(21:1),FA,4378.280319,5452.080395,6134.160488,5207.780342,4904.060387,5636.240398,3644.100258,Cell Line: HEP,Cell Line: HEK,Cell Line: HEP vs Cell Line: HEKBlank1,3,3,07052023_ELOVL1_5Xdilution_Blank-01
FA(21:2),FA,4805.000359,5884.580379,7566.900497,4115.640301,5509.440392,9010.240601,3051.020191,Cell Line: HEP,Cell Line: HEK,Cell Line: HEP vs Cell Line: HEKBlank1,3,3,07052023_ELOVL1_5Xdilution_Blank-01
FA(21:3),FA,3240.220245,4127.720264,5240.940342,3230.220242,3792.860268,4213.800327,2569.660175,Cell Line: HEP,Cell Line: HEK,Cell Line: HEP vs Cell Line: HEKBlank1,3,3,07052023_ELOVL1_5Xdilution_Blank-01
FA(21:5),FA,4132.040253,5038.160351,6059.640411,4902.100315,5965.900398,5879.920391,3029.680225,Cell Line: HEP,Cell Line: HEK,Cell Line: HEP vs Cell Line: HEKBlank1,3,3,07052023_ELOVL1_5Xdilution_Blank-01
FA(22:0),FA,7564.080524,10296.84074,10154.84068,8672.760624,9132.54073,10641.12082,5087.800354,Cell Line: HEP,Cell Line: HEK,Cell Line: HEP vs Cell Line: HEKBlank1,3,3,07052023_ELOVL1_5Xdilution_Blank-01
FA(22:1),FA,4899.680363,6864.280472,8834.960602,5931.02042,6870.720486,8513.060684,3763.060257,Cell Line: HEP,Cell Line: HEK,Cell Line: HEP vs Cell Line: HEKBlank1,3,3,07052023_ELOVL1_5Xdilution_Blank-01
FA(22:2),FA,3829.140301,5551.740383,5538.12043,3977.140301,5127.000381,5152.600327,3007.660233,Cell Line: HEP,Cell Line: HEK,Cell Line: HEP vs Cell Line: HEKBlank1,3,3,07052023_ELOVL1_5Xdilution_Blank-01
FA(22:3),FA,4595.120319,6788.880539,6991.200493,4962.220341,6432.22047,6298.740448,4048.700272,Cell Line: HEP,Cell Line: HEK,Cell Line: HEP vs Cell Line: HEKBlank1,3,3,07052023_ELOVL1_5Xdilution_Blank-01
FA(22:4),FA,3135.760197,4469.880291,6076.960415,4308.260303,5248.880363,5396.820381,2803.580193,Cell Line: HEP,Cell Line: HEK,Cell Line: HEP vs Cell Line: HEKBlank1,3,3,07052023_ELOVL1_5Xdilution_Blank-01
FA(22:5),FA,3853.08028,4700.500286,5592.120399,4724.640312,4827.680298,5797.000401,2815.86018,Cell Line: HEP,Cell Line: HEK,Cell Line: HEP vs Cell Line: HEKBlank1,3,3,07052023_ELOVL1_5Xdilution_Blank-01
FA(22:6),FA,5140.260361,7154.440514,6679.900558,5807.300434,6190.860447,7161.000465,3198.020226,Cell Line: HEP,Cell Line: HEK,Cell Line: HEP vs Cell Line: HEKBlank1,3,3,07052023_ELOVL1_5Xdilution_Blank-01
FA(22:7),FA,8285.240593,11533.38072,14388.00102,8750.820633,10594.86075,13099.12091,6262.480457,Cell Line: HEP,Cell Line: HEK,Cell Line: HEP vs Cell Line: HEKBlank1,3,3,07052023_ELOVL1_5Xdilution_Blank-01
FA(23:0),FA,7562.040577,10032.40076,9768.300728,8144.920586,8973.320698,9157.940647,5431.560375,Cell Line: HEP,Cell Line: HEK,Cell Line: HEP vs Cell Line: HEKBlank1,3,3,07052023_ELOVL1_5Xdilution_Blank-01
FA(23:1),FA,6664.620461,8409.960663,10615.42076,7526.520535,7658.120522,9592.940655,4493.640335,Cell Line: HEP,Cell Line: HEK,Cell Line: HEP vs Cell Line: HEKBlank1,3,3,07052023_ELOVL1_5Xdilution_Blank-01
FA(23:6),FA,4468.440315,6926.560463,6808.780487,5423.260387,5574.34042,6720.640488,3124.420242,Cell Line: HEP,Cell Line: HEK,Cell Line: HEP vs Cell Line: HEKBlank1,3,3,07052023_ELOVL1_5Xdilution_Blank-01
FA(24:0),FA,12224.30091,16646.02115,15662.06104,14713.82095,12055.18088,13011.00097,8453.200603,Cell Line: HEP,Cell Line: HEK,Cell Line: HEP vs Cell Line: HEKBlank1,3,3,07052023_ELOVL1_5Xdilution_Blank-01
FA(24:1),FA,5541.840416,7967.780586,8902.600601,6692.400471,7899.780609,8229.340561,3430.680237,Cell Line: HEP,Cell Line: HEK,Cell Line: HEP vs Cell Line: HEKBlank1,3,3,07052023_ELOVL1_5Xdilution_Blank-01
FA(24:10),FA,5807.460381,8516.480621,10162.70077,7703.460579,8086.200569,9367.420666,3844.70026,Cell Line: HEP,Cell Line: HEK,Cell Line: HEP vs Cell Line: HEKBlank1,3,3,07052023_ELOVL1_5Xdilution_Blank-01
FA(24:12),FA,6058.280464,10214.16072,11583.92082,7536.560478,10498.20075,12622.28101,4025.400303,Cell Line: HEP,Cell Line: HEK,Cell Line: HEP vs Cell Line: HEKBlank1,3,3,07052023_ELOVL1_5Xdilution_Blank-01
FA(24:2),FA,4869.320362,7284.780548,7507.860474,5478.240383,6295.640469,6993.880531,3237.120251,Cell Line: HEP,Cell Line: HEK,Cell Line: HEP vs Cell Line: HEKBlank1,3,3,07052023_ELOVL1_5Xdilution_Blank-01
FA(24:3),FA,3783.300247,6225.660423,6202.660423,5810.480373,6146.720417,6614.040462,3184.420235,Cell Line: HEP,Cell Line: HEK,Cell Line: HEP vs Cell Line: HEKBlank1,3,3,07052023_ELOVL1_5Xdilution_Blank-01
FA(24:4),FA,5158.540398,8052.10054,9523.36071,6548.54047,7637.600536,8490.980572,3679.140244,Cell Line: HEP,Cell Line: HEK,Cell Line: HEP vs Cell Line: HEKBlank1,3,3,07052023_ELOVL1_5Xdilution_Blank-01
FA(24:5),FA,6661.76049,11224.30082,13214.90092,8713.440575,10611.12081,13945.94088,4298.740295,Cell Line: HEP,Cell Line: HEK,Cell Line: HEP vs Cell Line: HEKBlank1,3,3,07052023_ELOVL1_5Xdilution_Blank-01
FA(24:6),FA,5727.340378,9844.120735,11833.94083,7711.420494,8949.1007,11623.12072,4414.820351,Cell Line: HEP,Cell Line: HEK,Cell Line: HEP vs Cell Line: HEKBlank1,3,3,07052023_ELOVL1_5Xdilution_Blank-01
FA(24:7),FA,5553.900433,6190.880402,7275.440521,6031.460411,6106.380447,6626.860443,3566.160229,Cell Line: HEP,Cell Line: HEK,Cell Line: HEP vs Cell Line: HEKBlank1,3,3,07052023_ELOVL1_5Xdilution_Blank-01
FA(25:0),FA,5333.140362,8637.440643,9654.900742,6764.640453,7791.160534,7807.020527,4326.000309,Cell Line: HEP,Cell Line: HEK,Cell Line: HEP vs Cell Line: HEKBlank1,3,3,07052023_ELOVL1_5Xdilution_Blank-01
FA(25:1),FA,4956.940376,7393.340477,7664.080521,6506.680428,6874.100487,7305.440506,3425.800228,Cell Line: HEP,Cell Line: HEK,Cell Line: HEP vs Cell Line: HEKBlank1,3,3,07052023_ELOVL1_5Xdilution_Blank-01
FA(25:4),FA,8436.120605,13527.961,13895.54106,9523.560608,8749.620628,11504.26088,3323.880238,Cell Line: HEP,Cell Line: HEK,Cell Line: HEP vs Cell Line: HEKBlank1,3,3,07052023_ELOVL1_5Xdilution_Blank-01
FA(26:0),FA,8256.100632,12427.78078,14285.20096,9583.620667,11247.66078,13203.32093,5658.820435,Cell Line: HEP,Cell Line: HEK,Cell Line: HEP vs Cell Line: HEKBlank1,3,3,07052023_ELOVL1_5Xdilution_Blank-01
FA(26:1),FA,6656.400467,9728.280663,11269.50078,7531.360565,7673.680511,9746.380676,4187.880302,Cell Line: HEP,Cell Line: HEK,Cell Line: HEP vs Cell Line: HEKBlank1,3,3,07052023_ELOVL1_5Xdilution_Blank-01
FA(26:2),FA,5759.400387,8367.280563,9231.740723,5892.380444,7289.660519,8704.420624,3682.960274,Cell Line: HEP,Cell Line: HEK,Cell Line: HEP vs Cell Line: HEKBlank1,3,3,07052023_ELOVL1_5Xdilution_Blank-01
FA(26:3),FA,6092.8004,9659.900719,8791.5606,7089.160522,7989.620552,9449.960655,3589.280277,Cell Line: HEP,Cell Line: HEK,Cell Line: HEP vs Cell Line: HEKBlank1,3,3,07052023_ELOVL1_5Xdilution_Blank-01
FA(26:4),FA,5908.880421,9096.9207,9684.980644,6671.720459,8107.360573,8604.58062,3751.240276,Cell Line: HEP,Cell Line: HEK,Cell Line: HEP vs Cell Line: HEKBlank1,3,3,07052023_ELOVL1_5Xdilution_Blank-01
FA(26:5),FA,5603.560368,8371.940582,8022.800552,6469.180458,7195.240505,7672.140579,3643.520256,Cell Line: HEP,Cell Line: HEK,Cell Line: HEP vs Cell Line: HEKBlank1,3,3,07052023_ELOVL1_5Xdilution_Blank-01
FA(26:6),FA,5684.800411,8257.460579,7789.100464,5689.020382,7696.180527,8233.400555,3932.140251,Cell Line: HEP,Cell Line: HEK,Cell Line: HEP vs Cell Line: HEKBlank1,3,3,07052023_ELOVL1_5Xdilution_Blank-01
FA(27:0) | FA(28:7),FA,8652.600628,12320.60082,14069.06109,6637.380447,8855.900536,10431.94069,3636.30024,Cell Line: HEP,Cell Line: HEK,Cell Line: HEP vs Cell Line: HEKBlank1,3,3,07052023_ELOVL1_5Xdilution_Blank-01
FA(27:0) | FA(28:7)_2,FA,12328.92064,19674.5013,22066.06152,11855.42096,12347.62074,16984.78134,4886.260342,Cell Line: HEP,Cell Line: HEK,Cell Line: HEP vs Cell Line: HEKBlank1,3,3,07052023_ELOVL1_5Xdilution_Blank-01
FA(27:1),FA,8887.020676,12141.22092,13746.02106,10969.56067,13492.52098,12606.80089,5409.960396,Cell Line: HEP,Cell Line: HEK,Cell Line: HEP vs Cell Line: HEKBlank1,3,3,07052023_ELOVL1_5Xdilution_Blank-01
FA(27:2),FA,6150.840443,8424.140587,10140.72068,7368.84053,7991.780579,8817.52063,4250.640263,Cell Line: HEP,Cell Line: HEK,Cell Line: HEP vs Cell Line: HEKBlank1,3,3,07052023_ELOVL1_5Xdilution_Blank-01
FA(27:3),FA,11632.18085,14442.92104,15319.34108,11442.84093,10667.96083,12982.70087,6121.680454,Cell Line: HEP,Cell Line: HEK,Cell Line: HEP vs Cell Line: HEKBlank1,3,3,07052023_ELOVL1_5Xdilution_Blank-01
FA(27:4),FA,13962.84099,15609.72113,15089.20116,13890.781,12067.70084,12407.88083,7599.560547,Cell Line: HEP,Cell Line: HEK,Cell Line: HEP vs Cell Line: HEKBlank1,3,3,07052023_ELOVL1_5Xdilution_Blank-01
FA(28:0),FA,6801.740486,9462.720673,10657.62082,7790.300514,8157.240589,9942.900627,4102.540291,Cell Line: HEP,Cell Line: HEK,Cell Line: HEP vs Cell Line: HEKBlank1,3,3,07052023_ELOVL1_5Xdilution_Blank-01
FA(28:1),FA,12779.94096,17346.36116,17765.08133,14267.94105,15144.9611,15920.1812,5316.000389,Cell Line: HEP,Cell Line: HEK,Cell Line: HEP vs Cell Line: HEKBlank1,3,3,07052023_ELOVL1_5Xdilution_Blank-01
FA(28:2),FA,75035.52639,112456.4103,130870.1862,56028.16447,54253.52287,83812.30568,5432.480377,Cell Line: HEP,Cell Line: HEK,Cell Line: HEP vs Cell Line: HEKBlank1,3,3,07052023_ELOVL1_5Xdilution_Blank-01
FA(28:3),FA,5405.980358,8456.020561,10247.8607,6870.840439,6849.640518,8856.820667,4240.540302,Cell Line: HEP,Cell Line: HEK,Cell Line: HEP vs Cell Line: HEKBlank1,3,3,07052023_ELOVL1_5Xdilution_Blank-01
FA(28:4),FA,5992.860413,8065.400581,10146.58076,7213.940514,7916.300583,9899.560699,3978.220268,Cell Line: HEP,Cell Line: HEK,Cell Line: HEP vs Cell Line: HEKBlank1,3,3,07052023_ELOVL1_5Xdilution_Blank-01
FA(28:5),FA,5943.960388,9046.980698,9730.460732,8364.840611,8869.560558,9397.200653,4229.600285,Cell Line: HEP,Cell Line: HEK,Cell Line: HEP vs Cell Line: HEKBlank1,3,3,07052023_ELOVL1_5Xdilution_Blank-01
FA(28:6),FA,7518.780518,10491.26073,13391.34097,8334.96051,8873.040619,11443.02086,3830.300293,Cell Line: HEP,Cell Line: HEK,Cell Line: HEP vs Cell Line: HEKBlank1,3,3,07052023_ELOVL1_5Xdilution_Blank-01
FA(29:0),FA,12763.18091,21163.2814,28489.36212,17971.00122,20788.12149,26591.1618,6769.060425,Cell Line: HEP,Cell Line: HEK,Cell Line: HEP vs Cell Line: HEKBlank1,3,3,07052023_ELOVL1_5Xdilution_Blank-01
FA(29:1),FA,11147.48087,18019.62115,20986.9016,16152.12112,16960.34113,20495.62144,6129.800438,Cell Line: HEP,Cell Line: HEK,Cell Line: HEP vs Cell Line: HEKBlank1,3,3,07052023_ELOVL1_5Xdilution_Blank-01
FA(29:2),FA,8273.300625,11976.34085,13779.26102,9903.720734,10463.12079,13457.78084,4415.180332,Cell Line: HEP,Cell Line: HEK,Cell Line: HEP vs Cell Line: HEKBlank1,3,3,07052023_ELOVL1_5Xdilution_Blank-01
FA(29:3),FA,7961.160603,11852.56084,12668.10088,9452.160667,10734.80082,12471.58093,5307.300369,Cell Line: HEP,Cell Line: HEK,Cell Line: HEP vs Cell Line: HEKBlank1,3,3,07052023_ELOVL1_5Xdilution_Blank-01
FA(2:0),FA,23971.78171,42817.12302,54278.98367,35533.08255,53085.66364,55396.52426,15082.46107,Cell Line: HEP,Cell Line: HEK,Cell Line: HEP vs Cell Line: HEKBlank1,3,3,07052023_ELOVL1_5Xdilution_Blank-01
FA(30:1),FA,11093.64078,16440.98114,21065.0415,13008.48087,15694.76112,20745.96143,5440.700443,Cell Line: HEP,Cell Line: HEK,Cell Line: HEP vs Cell Line: HEKBlank1,3,3,07052023_ELOVL1_5Xdilution_Blank-01
FA(30:2),FA,9495.660728,14239.70107,17991.48131,11677.70084,13427.68099,16089.6013,5662.980434,Cell Line: HEP,Cell Line: HEK,Cell Line: HEP vs Cell Line: HEKBlank1,3,3,07052023_ELOVL1_5Xdilution_Blank-01
FA(30:3),FA,10285.08078,17656.72121,19790.86128,14002.82101,16452.30126,20664.40142,5974.480423,Cell Line: HEP,Cell Line: HEK,Cell Line: HEP vs Cell Line: HEKBlank1,3,3,07052023_ELOVL1_5Xdilution_Blank-01
FA(30:4),FA,9954.500732,13185.22101,15006.40105,11443.76085,12194.34085,14924.44105,4936.740372,Cell Line: HEP,Cell Line: HEK,Cell Line: HEP vs Cell Line: HEKBlank1,3,3,07052023_ELOVL1_5Xdilution_Blank-01
FA(30:5),FA,5638.720375,8057.000481,9539.920708,7346.8405,8846.640713,8757.060665,3173.680229,Cell Line: HEP,Cell Line: HEK,Cell Line: HEP vs Cell Line: HEKBlank1,3,3,07052023_ELOVL1_5Xdilution_Blank-01
FA(30:6),FA,6614.540466,10525.04077,12831.60088,9140.860645,10057.72069,11927.38087,4340.360271,Cell Line: HEP,Cell Line: HEK,Cell Line: HEP vs Cell Line: HEKBlank1,3,3,07052023_ELOVL1_5Xdilution_Blank-01
FA(31:0),FA,6571.180496,9584.760742,12927.76091,7976.760498,9795.120705,10741.62074,4243.860313,Cell Line: HEP,Cell Line: HEK,Cell Line: HEP vs Cell Line: HEKBlank1,3,3,07052023_ELOVL1_5Xdilution_Blank-01
FA(32:0),FA,6710.540482,9951.400734,12886.42091,8617.700581,10525.54069,12938.3409,4565.180313,Cell Line: HEP,Cell Line: HEK,Cell Line: HEP vs Cell Line: HEKBlank1,3,3,07052023_ELOVL1_5Xdilution_Blank-01
FA(32:1),FA,6654.380447,10373.10068,12336.62097,8204.360546,9801.58062,12207.54094,4333.580303,Cell Line: HEP,Cell Line: HEK,Cell Line: HEP vs Cell Line: HEKBlank1,3,3,07052023_ELOVL1_5Xdilution_Blank-01
FA(32:4),FA,6622.000435,11775.68079,14173.02098,9997.320717,11227.44077,13332.96103,4205.400303,Cell Line: HEP,Cell Line: HEK,Cell Line: HEP vs Cell Line: HEKBlank1,3,3,07052023_ELOVL1_5Xdilution_Blank-01
FA(32:5),FA,6695.920464,10233.26068,11424.46082,8253.500626,8805.740608,11773.88084,3698.360226,Cell Line: HEP,Cell Line: HEK,Cell Line: HEP vs Cell Line: HEKBlank1,3,3,07052023_ELOVL1_5Xdilution_Blank-01
FA(32:6),FA,6705.640472,8815.420589,9822.980652,7588.500629,8233.100574,9132.700668,4315.640335,Cell Line: HEP,Cell Line: HEK,Cell Line: HEP vs Cell Line: HEKBlank1,3,3,07052023_ELOVL1_5Xdilution_Blank-01
FA(33:0),FA,10352.04066,15046.02106,20252.1214,10741.78083,16065.72101,20357.72162,4086.460278,Cell Line: HEP,Cell Line: HEK,Cell Line: HEP vs Cell Line: HEKBlank1,3,3,07052023_ELOVL1_5Xdilution_Blank-01
FA(34:0),FA,6452.780479,8760.860565,11215.16077,7781.160576,8066.720623,9764.200691,3381.980247,Cell Line: HEP,Cell Line: HEK,Cell Line: HEP vs Cell Line: HEKBlank1,3,3,07052023_ELOVL1_5Xdilution_Blank-01
FA(34:1),FA,6690.78046,9472.500656,12004.28084,7700.660542,9819.960659,12338.76083,4421.580296,Cell Line: HEP,Cell Line: HEK,Cell Line: HEP vs Cell Line: HEKBlank1,3,3,07052023_ELOVL1_5Xdilution_Blank-01
FA(34:5),FA,5888.520416,8491.460518,10017.06085,6869.180473,8352.040562,10331.84073,3664.260242,Cell Line: HEP,Cell Line: HEK,Cell Line: HEP vs Cell Line: HEKBlank1,3,3,07052023_ELOVL1_5Xdilution_Blank-01
FA(34:6),FA,6251.260445,9480.780636,11755.62081,7321.360535,10357.60069,11557.86084,3633.320255,Cell Line: HEP,Cell Line: HEK,Cell Line: HEP vs Cell Line: HEKBlank1,3,3,07052023_ELOVL1_5Xdilution_Blank-01
FA(35:0),FA,6723.480476,10631.40076,12055.32092,7287.000492,9557.840691,11691.58086,4055.560299,Cell Line: HEP,Cell Line: HEK,Cell Line: HEP vs Cell Line: HEKBlank1,3,3,07052023_ELOVL1_5Xdilution_Blank-01
FA(36:0),FA,4547.360325,7093.560448,8851.94059,6060.560371,7284.400513,9530.22068,3457.080219,Cell Line: HEP,Cell Line: HEK,Cell Line: HEP vs Cell Line: HEKBlank1,3,3,07052023_ELOVL1_5Xdilution_Blank-01
FA(36:4),FA,5962.740398,7268.260544,9403.160645,6593.420444,7470.14045,9134.560638,3213.740219,Cell Line: HEP,Cell Line: HEK,Cell Line: HEP vs Cell Line: HEKBlank1,3,3,07052023_ELOVL1_5Xdilution_Blank-01
FA(36:5),FA,5094.120415,6621.68045,8704.40065,6288.120468,7145.24049,8194.960526,3121.400215,Cell Line: HEP,Cell Line: HEK,Cell Line: HEP vs Cell Line: HEKBlank1,3,3,07052023_ELOVL1_5Xdilution_Blank-01
FA(37:0),FA,4339.880302,6722.140507,8126.080597,5382.680386,7236.800499,9417.840618,3255.660225,Cell Line: HEP,Cell Line: HEK,Cell Line: HEP vs Cell Line: HEKBlank1,3,3,07052023_ELOVL1_5Xdilution_Blank-01
FA(38:0),FA,4293.540306,6573.660469,8969.940605,5699.800373,7698.980579,9095.060669,3379.200256,Cell Line: HEP,Cell Line: HEK,Cell Line: HEP vs Cell Line: HEKBlank1,3,3,07052023_ELOVL1_5Xdilution_Blank-01
FA(38:4),FA,3835.400291,5550.800415,6839.300514,4900.420303,6623.32045,6997.320473,3252.62022,Cell Line: HEP,Cell Line: HEK,Cell Line: HEP vs Cell Line: HEKBlank1,3,3,07052023_ELOVL1_5Xdilution_Blank-01
FA(38:5),FA,3649.480244,5840.220409,7604.140614,5002.540398,5886.440407,7663.200546,3051.800213,Cell Line: HEP,Cell Line: HEK,Cell Line: HEP vs Cell Line: HEKBlank1,3,3,07052023_ELOVL1_5Xdilution_Blank-01
FA(38:6),FA,4085.000286,5951.700455,7646.020561,5028.28035,6198.960445,7897.980583,2876.860207,Cell Line: HEP,Cell Line: HEK,Cell Line: HEP vs Cell Line: HEKBlank1,3,3,07052023_ELOVL1_5Xdilution_Blank-01
FA(3:0),FA,13955.521,30213.74231,39201.34265,23130.70169,36504.72235,42030.06329,9272.680641,Cell Line: HEP,Cell Line: HEK,Cell Line: HEP vs Cell Line: HEKBlank1,3,3,07052023_ELOVL1_5Xdilution_Blank-01
FA(3:1),FA,9775.82061,18129.62125,24411.04175,14799.5811,22631.68169,24426.04166,6526.520515,Cell Line: HEP,Cell Line: HEK,Cell Line: HEP vs Cell Line: HEKBlank1,3,3,07052023_ELOVL1_5Xdilution_Blank-01
FA(40:6),FA,3605.520267,4754.380333,5341.180389,4114.900311,4822.380344,5776.6604,2522.500187,Cell Line: HEP,Cell Line: HEK,Cell Line: HEP vs Cell Line: HEKBlank1,3,3,07052023_ELOVL1_5Xdilution_Blank-01
FA(42:6),FA,3623.000267,4664.420319,5415.360359,4355.18029,4866.92033,6024.760445,2434.860184,Cell Line: HEP,Cell Line: HEK,Cell Line: HEP vs Cell Line: HEKBlank1,3,3,07052023_ELOVL1_5Xdilution_Blank-01
FA(46:0),FA,2689.560211,3251.960232,4015.880272,3291.080269,3345.280258,4292.460323,1957.000141,Cell Line: HEP,Cell Line: HEK,Cell Line: HEP vs Cell Line: HEKBlank1,3,3,07052023_ELOVL1_5Xdilution_Blank-01
FA(4:0),FA,59131.80389,131787.8899,190948.715,88853.42645,158971.5911,186972.7934,28305.64191,Cell Line: HEP,Cell Line: HEK,Cell Line: HEP vs Cell Line: HEKBlank1,3,3,07052023_ELOVL1_5Xdilution_Blank-01
FA(4:1),FA,16788.88113,35542.54251,49915.36337,26426.86182,43876.30328,50015.86377,11034.38086,Cell Line: HEP,Cell Line: HEK,Cell Line: HEP vs Cell Line: HEKBlank1,3,3,07052023_ELOVL1_5Xdilution_Blank-01
FA(5:0),FA,46131.38287,101660.9879,143455.75,70090.84467,121189.9486,141616.6898,23658.74176,Cell Line: HEP,Cell Line: HEK,Cell Line: HEP vs Cell Line: HEKBlank1,3,3,07052023_ELOVL1_5Xdilution_Blank-01
FA(5:1),FA,37229.86258,77979.08582,108944.8884,55932.80365,94465.60699,108592.0873,18946.44144,Cell Line: HEP,Cell Line: HEK,Cell Line: HEP vs Cell Line: HEKBlank1,3,3,07052023_ELOVL1_5Xdilution_Blank-01
FA(5:2),FA,74595.12451,143448.7513,205228.3542,106599.2677,171317.8327,208991.9349,37717.22263,Cell Line: HEP,Cell Line: HEK,Cell Line: HEP vs Cell Line: HEKBlank1,3,3,07052023_ELOVL1_5Xdilution_Blank-01
FA(6:0),FA,78408.18573,164131.6517,200527.5944,123051.9883,182251.972,220108.3761,41795.34302,Cell Line: HEP,Cell Line: HEK,Cell Line: HEP vs Cell Line: HEKBlank1,3,3,07052023_ELOVL1_5Xdilution_Blank-01
FA(6:1),FA,8491731.172,13417756.07,13135031.44,11515363.95,11756658.18,12596248.78,4880420.875,Cell Line: HEP,Cell Line: HEK,Cell Line: HEP vs Cell Line: HEKBlank1,3,3,07052023_ELOVL1_5Xdilution_Blank-01
FA(6:2),FA,36891.92267,73364.76514,105262.3477,52864.5433,85088.84622,105181.3074,20814.14142,Cell Line: HEP,Cell Line: HEK,Cell Line: HEP vs Cell Line: HEKBlank1,3,3,07052023_ELOVL1_5Xdilution_Blank-01
FA(7:0),FA,71546.7655,168029.5502,224051.4949,121221.0486,199815.274,230612.0967,40338.50275,Cell Line: HEP,Cell Line: HEK,Cell Line: HEP vs Cell Line: HEKBlank1,3,3,07052023_ELOVL1_5Xdilution_Blank-01
FA(7:1),FA,64101.88464,141112.0503,198140.7122,99296.7674,168855.4712,198219.1537,32291.58191,Cell Line: HEP,Cell Line: HEK,Cell Line: HEP vs Cell Line: HEKBlank1,3,3,07052023_ELOVL1_5Xdilution_Blank-01
FA(7:2),FA,22975.72177,50576.30396,67559.245,36707.78282,59141.30408,65947.50439,12877.78087,Cell Line: HEP,Cell Line: HEK,Cell Line: HEP vs Cell Line: HEKBlank1,3,3,07052023_ELOVL1_5Xdilution_Blank-01
FA(7:3),FA,12822.98089,24818.4416,30635.56226,15780.40111,28073.80211,30722.72244,6144.880455,Cell Line: HEP,Cell Line: HEK,Cell Line: HEP vs Cell Line: HEKBlank1,3,3,07052023_ELOVL1_5Xdilution_Blank-01
FA(8:0),FA,69699.00482,166877.7921,236280.6771,119561.3484,204930.8745,240792.2376,37232.0025,Cell Line: HEP,Cell Line: HEK,Cell Line: HEP vs Cell Line: HEKBlank1,3,3,07052023_ELOVL1_5Xdilution_Blank-01
FA(8:1),FA,24430.00165,52193.46371,74029.8056,37958.46249,59119.60446,72457.96539,13264.48102,Cell Line: HEP,Cell Line: HEK,Cell Line: HEP vs Cell Line: HEKBlank1,3,3,07052023_ELOVL1_5Xdilution_Blank-01
FA(8:2),FA,20494.62149,44699.56345,62815.92447,34300.02264,55300.30379,63633.88452,11765.04088,Cell Line: HEP,Cell Line: HEK,Cell Line: HEP vs Cell Line: HEKBlank1,3,3,07052023_ELOVL1_5Xdilution_Blank-01
FA(8:5),FA,90134.80573,211413.5354,333643.9664,127881.5893,241759.9572,334721.4442,41653.16287,Cell Line: HEP,Cell Line: HEK,Cell Line: HEP vs Cell Line: HEKBlank1,3,3,07052023_ELOVL1_5Xdilution_Blank-01
FA(8:6),FA,117102.5689,260470.6592,348350.4819,183244.0728,298107.2202,359339.9452,52870.20367,Cell Line: HEP,Cell Line: HEK,Cell Line: HEP vs Cell Line: HEKBlank1,3,3,07052023_ELOVL1_5Xdilution_Blank-01
FA(9:0) | FA(10:7),FA,59884.08405,132577.8091,190399.854,91943.78687,150913.2111,191477.7328,29677.32202,Cell Line: HEP,Cell Line: HEK,Cell Line: HEP vs Cell Line: HEKBlank1,3,3,07052023_ELOVL1_5Xdilution_Blank-01
FA(9:0) | FA(10:7)_2,FA,53323.34381,122809.009,174547.6509,86717.56622,145318.3098,176032.6736,25549.90176,Cell Line: HEP,Cell Line: HEK,Cell Line: HEP vs Cell Line: HEKBlank1,3,3,07052023_ELOVL1_5Xdilution_Blank-01
FA(9:1),FA,73693.90546,127343.9885,141735.3704,83767.76642,98917.74661,120885.1475,32956.00226,Cell Line: HEP,Cell Line: HEK,Cell Line: HEP vs Cell Line: HEKBlank1,3,3,07052023_ELOVL1_5Xdilution_Blank-01
FA(9:2),FA,23636.58191,44899.56317,62012.02466,32950.36243,50556.92365,61617.72424,11124.1207,Cell Line: HEP,Cell Line: HEK,Cell Line: HEP vs Cell Line: HEKBlank1,3,3,07052023_ELOVL1_5Xdilution_Blank-01
LPC(10:0)|PC(O-10:0),PC,1927.400139,2781.560177,3150.760204,2405.420166,2685.980202,3286.760239,1971.020138,Cell Line: HEP,Cell Line: HEK,Cell Line: HEP vs Cell Line: HEKBlank1,3,3,07052023_ELOVL1_5Xdilution_Blank-01
LPC(12:0),PC,2019.140133,2448.460155,2616.740177,2418.160191,2480.300182,2785.640205,2208.520161,Cell Line: HEP,Cell Line: HEK,Cell Line: HEP vs Cell Line: HEKBlank1,3,3,07052023_ELOVL1_5Xdilution_Blank-01
LPC(14:0)|PC(O-14:0)|LPC(O-15:0),PC,2372.180149,3057.420216,2861.480198,2276.900169,2565.680183,3093.380215,2042.340137,Cell Line: HEP,Cell Line: HEK,Cell Line: HEP vs Cell Line: HEKBlank1,3,3,07052023_ELOVL1_5Xdilution_Blank-01
LPC(14:1)|LPC(P-15:0),PC,2072.080147,2218.320145,2564.240173,2483.260193,2810.860191,2817.120232,2281.28017,Cell Line: HEP,Cell Line: HEK,Cell Line: HEP vs Cell Line: HEKBlank1,3,3,07052023_ELOVL1_5Xdilution_Blank-01
LPC(15:1)|LPC(O-16:1)|LPC(P-16:0),PC,2090.90015,2289.020145,2788.500202,3356.120247,4137.420284,3479.560246,2258.280167,Cell Line: HEP,Cell Line: HEK,Cell Line: HEP vs Cell Line: HEKBlank1,3,3,07052023_ELOVL1_5Xdilution_Blank-01
LPC(16:0)|PC(O-16:0)|LPC(O-17:0),PC,2251.080158,3601.020267,3828.240299,3851.960251,5397.800415,4909.560375,2742.640202,Cell Line: HEP,Cell Line: HEK,Cell Line: HEP vs Cell Line: HEKBlank1,3,3,07052023_ELOVL1_5Xdilution_Blank-01
LPC(16:1)|LPC(P-17:0),PC,2811.380203,4919.060326,5660.700394,6087.280415,9140.260658,8424.160622,3548.680252,Cell Line: HEP,Cell Line: HEK,Cell Line: HEP vs Cell Line: HEKBlank1,3,3,07052023_ELOVL1_5Xdilution_Blank-01
LPC(17:1)|LPC(O-18:1)|LPC(P-18:0),PC,1914.56012,2734.820175,2561.480171,3210.600239,4117.780235,4209.180283,2219.48016,Cell Line: HEP,Cell Line: HEK,Cell Line: HEP vs Cell Line: HEKBlank1,3,3,07052023_ELOVL1_5Xdilution_Blank-01
LPC(17:2)|LPC(P-18:1),PC,1881.800121,2265.780182,2684.800198,2373.900158,3602.880257,3271.720234,2272.980145,Cell Line: HEP,Cell Line: HEK,Cell Line: HEP vs Cell Line: HEKBlank1,3,3,07052023_ELOVL1_5Xdilution_Blank-01
LPC(18:0)|PC(O-18:0)|LPC(O-19:0),PC,2196.880157,3089.2402,3971.320301,4096.42028,4250.520298,4479.260315,2577.120186,Cell Line: HEP,Cell Line: HEK,Cell Line: HEP vs Cell Line: HEKBlank1,3,3,07052023_ELOVL1_5Xdilution_Blank-01
LPC(18:1)|PC(O-18:1)|PC(P-18:0),PC,2605.30019,3961.060261,4491.300304,6023.300411,9054.060654,7987.040623,3196.580235,Cell Line: HEP,Cell Line: HEK,Cell Line: HEP vs Cell Line: HEKBlank1,3,3,07052023_ELOVL1_5Xdilution_Blank-01
LPC(18:2)|LPC(P-19:1),PC,2425.880184,3610.080238,4688.340363,5479.480385,7073.420525,7509.760502,3746.380276,Cell Line: HEP,Cell Line: HEK,Cell Line: HEP vs Cell Line: HEKBlank1,3,3,07052023_ELOVL1_5Xdilution_Blank-01
LPC(18:3),PC,2125.940136,2666.800201,2987.900219,2391.000187,3227.260231,4105.660305,2437.540173,Cell Line: HEP,Cell Line: HEK,Cell Line: HEP vs Cell Line: HEKBlank1,3,3,07052023_ELOVL1_5Xdilution_Blank-01
LPC(18:4),PC,2165.460155,2811.980202,3338.740246,2502.940182,3270.520233,3490.940216,2214.06015,Cell Line: HEP,Cell Line: HEK,Cell Line: HEP vs Cell Line: HEKBlank1,3,3,07052023_ELOVL1_5Xdilution_Blank-01
LPC(19:3),PC,2092.660152,2556.340187,3427.020229,2675.500198,2927.660206,3372.880268,2056.740143,Cell Line: HEP,Cell Line: HEK,Cell Line: HEP vs Cell Line: HEKBlank1,3,3,07052023_ELOVL1_5Xdilution_Blank-01
LPC(20:2)|PC(O-20:2),PC,2409.520176,2705.300186,3678.580246,3969.70031,5511.520412,5137.76038,3341.960224,Cell Line: HEP,Cell Line: HEK,Cell Line: HEP vs Cell Line: HEKBlank1,3,3,07052023_ELOVL1_5Xdilution_Blank-01
LPC(20:3),PC,3163.880249,3523.200245,4709.820301,3533.20026,3971.840279,4079.700294,2134.120144,Cell Line: HEP,Cell Line: HEK,Cell Line: HEP vs Cell Line: HEKBlank1,3,3,07052023_ELOVL1_5Xdilution_Blank-01
LPC(20:4),PC,4684.580326,5387.620422,6758.160469,4614.080349,5869.100449,5627.920414,2316.78017,Cell Line: HEP,Cell Line: HEK,Cell Line: HEP vs Cell Line: HEKBlank1,3,3,07052023_ELOVL1_5Xdilution_Blank-01
LPC(20:5),PC,2405.680172,3319.360245,3775.180275,2789.580189,3486.020264,3045.640221,2751.760201,Cell Line: HEP,Cell Line: HEK,Cell Line: HEP vs Cell Line: HEKBlank1,3,3,07052023_ELOVL1_5Xdilution_Blank-01
LPC(22:2),PC,2658.640179,3153.860226,3797.580307,3184.160198,3557.140255,3728.900242,2616.46019,Cell Line: HEP,Cell Line: HEK,Cell Line: HEP vs Cell Line: HEKBlank1,3,3,07052023_ELOVL1_5Xdilution_Blank-01
LPC(22:4),PC,11505.34081,15385.18113,13364.64083,19048.38137,14565.82111,12925.18093,4044.480328,Cell Line: HEP,Cell Line: HEK,Cell Line: HEP vs Cell Line: HEKBlank1,3,3,07052023_ELOVL1_5Xdilution_Blank-01
LPC(22:5),PC,2281.140156,2867.120209,3245.680233,3492.92025,4504.060349,4775.840351,2662.560188,Cell Line: HEP,Cell Line: HEK,Cell Line: HEP vs Cell Line: HEKBlank1,3,3,07052023_ELOVL1_5Xdilution_Blank-01
LPC(22:6),PC,2144.740128,3011.220215,3534.020279,3364.460258,3145.680256,3485.440281,2484.660172,Cell Line: HEP,Cell Line: HEK,Cell Line: HEP vs Cell Line: HEKBlank1,3,3,07052023_ELOVL1_5Xdilution_Blank-01
LPC(24:0),PC,2870.800205,3407.300243,3769.180271,4058.120262,3921.920277,3691.340294,2596.220181,Cell Line: HEP,Cell Line: HEK,Cell Line: HEP vs Cell Line: HEKBlank1,3,3,07052023_ELOVL1_5Xdilution_Blank-01
LPC(24:1),PC,2882.940201,3654.220242,4193.380299,4105.720333,4271.580265,4808.180317,2491.300179,Cell Line: HEP,Cell Line: HEK,Cell Line: HEP vs Cell Line: HEKBlank1,3,3,07052023_ELOVL1_5Xdilution_Blank-01
LPC(2:0),PC,1932.760136,1931.360134,2084.060143,1895.300148,1989.400112,1784.600132,2069.460133,Cell Line: HEP,Cell Line: HEK,Cell Line: HEP vs Cell Line: HEKBlank1,3,3,07052023_ELOVL1_5Xdilution_Blank-01
LPC(3:0)|PC(O-3:0),PC,2014.880138,1995.080139,2138.860134,1799.580139,2061.380146,2053.300144,2295.220146,Cell Line: HEP,Cell Line: HEK,Cell Line: HEP vs Cell Line: HEKBlank1,3,3,07052023_ELOVL1_5Xdilution_Blank-01
LPC(3:1),PC,2268.060173,2280.04015,2366.10017,2215.140141,2384.720173,2018.460136,1922.560146,Cell Line: HEP,Cell Line: HEK,Cell Line: HEP vs Cell Line: HEKBlank1,3,3,07052023_ELOVL1_5Xdilution_Blank-01
LPC(4:0)|PC(O-4:0)|PC(O-5:0),PC,1985.980133,2121.880142,2108.100147,2074.540157,1806.120132,1886.920143,1923.980125,Cell Line: HEP,Cell Line: HEK,Cell Line: HEP vs Cell Line: HEKBlank1,3,3,07052023_ELOVL1_5Xdilution_Blank-01
LPC(6:0),PC,1940.26012,2187.040176,2076.080147,1868.100132,2093.680164,1973.440132,2124.180138,Cell Line: HEP,Cell Line: HEK,Cell Line: HEP vs Cell Line: HEKBlank1,3,3,07052023_ELOVL1_5Xdilution_Blank-01
LPC(8:0),PC,1768.640129,2389.580173,2564.04018,1975.62014,2292.580173,2370.220177,1924.160137,Cell Line: HEP,Cell Line: HEK,Cell Line: HEP vs Cell Line: HEKBlank1,3,3,07052023_ELOVL1_5Xdilution_Blank-01
LPC(O-10:1),PC,1806.260124,2236.780148,2585.340183,2275.460159,2292.92017,2667.380184,2189.900139,Cell Line: HEP,Cell Line: HEK,Cell Line: HEP vs Cell Line: HEKBlank1,3,3,07052023_ELOVL1_5Xdilution_Blank-01
LPC(O-20:4),PC,2573.28019,3383.880245,3063.340225,2909.940212,3400.980232,3032.140221,2430.440163,Cell Line: HEP,Cell Line: HEK,Cell Line: HEP vs Cell Line: HEKBlank1,3,3,07052023_ELOVL1_5Xdilution_Blank-01
PC(10:0)|LPC(11:0),PC,1902.760136,2830.560181,2890.420212,2222.280186,2329.320168,2689.040192,2235.860168,Cell Line: HEP,Cell Line: HEK,Cell Line: HEP vs Cell Line: HEKBlank1,3,3,07052023_ELOVL1_5Xdilution_Blank-01
PC(12:0)|LPC(13:0)|LPC(O-14:0),PC,1797.520119,2482.980164,2935.580204,2217.760151,2580.820183,3065.840225,2466.760174,Cell Line: HEP,Cell Line: HEK,Cell Line: HEP vs Cell Line: HEKBlank1,3,3,07052023_ELOVL1_5Xdilution_Blank-01
PC(14:0)|LPC(15:0)|LPC(O-16:0),PC,2047.640152,2692.86018,3019.340218,3062.500233,3191.520229,3597.540218,2258.180157,Cell Line: HEP,Cell Line: HEK,Cell Line: HEP vs Cell Line: HEKBlank1,3,3,07052023_ELOVL1_5Xdilution_Blank-01
PC(16:0)|PC(O-17:0)|LPC(O-18:0),PC,2352.980171,2769.62022,3512.680244,2792.700226,3565.840225,3276.180248,2314.320168,Cell Line: HEP,Cell Line: HEK,Cell Line: HEP vs Cell Line: HEKBlank1,3,3,07052023_ELOVL1_5Xdilution_Blank-01
PC(18:0)|LPC(19:0)|PC(O-19:0)|LPC(O-20:0),PC,2057.220142,2838.9202,3512.880234,2866.620193,3104.020199,3614.300278,1971.50013,Cell Line: HEP,Cell Line: HEK,Cell Line: HEP vs Cell Line: HEKBlank1,3,3,07052023_ELOVL1_5Xdilution_Blank-01
PC(18:1)|LPC(19:1)|PC(O-19:1)|LPC(P-20:0),PC,2179.860168,2914.460186,3729.820286,3172.740219,3419.100235,4256.480297,2355.180168,Cell Line: HEP,Cell Line: HEK,Cell Line: HEP vs Cell Line: HEKBlank1,3,3,07052023_ELOVL1_5Xdilution_Blank-01
PC(19:0)|LPC(20:0)|PC(O-20:0),PC,2333.600178,3068.280205,2996.620213,2756.740189,2794.240196,3198.500237,2392.340172,Cell Line: HEP,Cell Line: HEK,Cell Line: HEP vs Cell Line: HEKBlank1,3,3,07052023_ELOVL1_5Xdilution_Blank-01
PC(19:1)|LPC(20:1)|PC(O-20:1)|PC(P-20:0),PC,2374.360172,2714.980198,2772.160194,3412.580223,3995.440262,4116.84029,2501.620171,Cell Line: HEP,Cell Line: HEK,Cell Line: HEP vs Cell Line: HEKBlank1,3,3,07052023_ELOVL1_5Xdilution_Blank-01
PC(20:0)|LPC(21:0)|PC(O-21:0),PC,2485.000191,2673.880196,3266.200195,2714.700203,3067.640221,3154.100224,2652.4002,Cell Line: HEP,Cell Line: HEK,Cell Line: HEP vs Cell Line: HEKBlank1,3,3,07052023_ELOVL1_5Xdilution_Blank-01
PC(20:1)|PC(O-21:1),PC,2285.32016,3153.360214,3245.120255,2994.640217,3019.560204,3031.620201,2529.000183,Cell Line: HEP,Cell Line: HEK,Cell Line: HEP vs Cell Line: HEKBlank1,3,3,07052023_ELOVL1_5Xdilution_Blank-01
PC(20:4)|LPC(21:4),PC,6379.440521,11663.48079,13213.72092,7048.400501,8687.280647,11780.06084,2374.780159,Cell Line: HEP,Cell Line: HEK,Cell Line: HEP vs Cell Line: HEKBlank1,3,3,07052023_ELOVL1_5Xdilution_Blank-01
PC(21:0)|LPC(22:0)|PC(O-22:0),PC,3076.320198,3636.920261,3691.360271,3922.560242,3786.960289,4133.900318,2249.140167,Cell Line: HEP,Cell Line: HEK,Cell Line: HEP vs Cell Line: HEKBlank1,3,3,07052023_ELOVL1_5Xdilution_Blank-01
PC(21:1)|LPC(22:1),PC,2514.780186,3152.840202,3176.680252,3403.380222,3411.900223,3367.22023,2642.560188,Cell Line: HEP,Cell Line: HEK,Cell Line: HEP vs Cell Line: HEKBlank1,3,3,07052023_ELOVL1_5Xdilution_Blank-01
