,Sample Name
0,DG16-0_FAD131m2_500x_N1__liverLD__8_8_23.mzML
1,TG18-0_IPA_N4__liverLD__8_8_23.mzML
2,DG16-0_FAD131m4_500x_N1__liverLD__8_8_23.mzML
3,TG16-1_IPA_N6__liverLD__8_8_23.mzML
4,TG14-0_DOD73m2_500x_N1__liverLD__8_8_23.mzML
5,PI_FAD131m2_500x_N1__liverLD__8_8_23.mzML
6,DG16-0_IPA_N7__liverLD__8_8_23.mzML
7,PE_FAD131m2_500x_N1__liverLD__8_8_23.mzML
8,DG18-2_FAD131m4_500x_N1__liverLD__8_8_23.mzML
9,PC_FAD131m1_500x_N1__liverLD__8_8_23.mzML
10,TG22-5_IPA_N5__liverLD__8_8_23.mzML
11,TG16-0_IPA_N8__liverLD__8_8_23.mzML
12,TG22-5_FAD173m1_500x_N1__liverLD__8_8_23.mzML
13,PE_FAD131m4_500x_N1__liverLD__8_8_23.mzML
14,CE_FAD173m1_500x_N1__liverLD__8_8_23.mzML
15,TG16-0_IPA_N5__liverLD__8_8_23.mzML
16,TG18-3_Blank_500x_N1__liverLD__8_8_23.mzML
17,FA_IPA_N2__liverLD__8_8_23.mzML
18,PC_equisplash_500x_N1__liverLD__8_8_23.mzML
19,DG16-1_equisplash_500x_N1__liverLD__8_8_23.mzML
20,PI_FAD131m1_500x_N1__liverLD__8_8_23.mzML
21,PC_IPA_N5__liverLD__8_8_23.mzML
22,TG16-0_IPA_N3__liverLD__8_8_23.mzML
23,FA_DOD73m2_500x_N1__liverLD__8_8_23.mzML
24,PS_FAD131m1_500x_N1__liverLD__8_8_23.mzML
25,TG20-4_IPA_N5__liverLD__8_8_23.mzML
26,AC_FAD173m1_500x_N1__liverLD__8_8_23.mzML
27,TG16-1_equisplash_500x_N1__liverLD__8_8_23.mzML
28,PC_FAD173m1_500x_N1__liverLD__8_8_23.mzML
29,CER_IPA_N2__liverLD__8_8_23.mzML
30,TG18-1_FAD131m4_500x_N1__liverLD__8_8_23.mzML
31,FA_FAD131m2_500x_N1__liverLD__8_8_23.mzML
32,DG16-1_IPA_N1__liverLD__8_8_23.mzML
33,TG14-0_FAD173m1_500x_N1__liverLD__8_8_23.mzML
34,AC_IPA_N5__liverLD__8_8_23.mzML
35,TG20-4_FAD173m1_500x_N1__liverLD__8_8_23.mzML
36,TG22-6_FAD131m2_500x_N1__liverLD__8_8_23.mzML
37,PC_IPA_N4__liverLD__8_8_23.mzML
38,TG18-0_IPA_N5__liverLD__8_8_23.mzML
39,DG16-0_FAD131m1_500x_N1__liverLD__8_8_23.mzML
40,DG16-0_IPA_N2__liverLD__8_8_23.mzML
41,TG18-1_IPA_N7__liverLD__8_8_23.mzML
42,CER_DOD73m2_500x_N1__liverLD__8_8_23.mzML
43,PC_IPA_N7__liverLD__8_8_23.mzML
44,AC_FAD131m4_500x_N1__liverLD__8_8_23.mzML
45,DG18-2_FAD131m2_500x_N1__liverLD__8_8_23.mzML
46,PC_IPA_N6__liverLD__8_8_23.mzML
47,CER_IPA_N1__liverLD__8_8_23.mzML
48,DG16-0_DOD73m2_500x_N1__liverLD__8_8_23.mzML
49,TG20-4_equisplash_500x_N1__liverLD__8_8_23.mzML
50,PE_DOD73m2_500x_N1__liverLD__8_8_23.mzML
51,DG18-0_IPA_N7__liverLD__8_8_23.mzML
52,PG_IPA_N3__liverLD__8_8_23.mzML
53,TG18-3_DOD73m2_500x_N1__liverLD__8_8_23.mzML
54,DG18-2_IPA_N1__liverLD__8_8_23.mzML
55,TG16-1_DOD73m2_500x_N1__liverLD__8_8_23.mzML
56,TG16-1_FAD131m2_500x_N1__liverLD__8_8_23.mzML
57,PE_IPA_N5__liverLD__8_8_23.mzML
58,DG16-1_FAD131m2_500x_N1__liverLD__8_8_23.mzML
59,PC_Blank_500x_N1__liverLD__8_8_23.mzML
60,PG_IPA_N4__liverLD__8_8_23.mzML
61,DG18-2_FAD131m1_500x_N1__liverLD__8_8_23.mzML
62,CE_IPA_N7__liverLD__8_8_23.mzML
63,DG16-1_FAD131m4_500x_N1__liverLD__8_8_23.mzML
64,TG18-3_IPA_N1__liverLD__8_8_23.mzML
65,TG18-1_Blank_500x_N1__liverLD__8_8_23.mzML
66,CE_FAD131m1_500x_N1__liverLD__8_8_23.mzML
67,TG18-0_FAD131m2_500x_N1__liverLD__8_8_23.mzML
68,TG20-4_Blank_500x_N1__liverLD__8_8_23.mzML
69,TG20-4_IPA_N4__liverLD__8_8_23.mzML
70,CER_FAD131m4_500x_N1__liverLD__8_8_23.mzML
71,DG18-2_IPA_N5__liverLD__8_8_23.mzML
72,TG20-4_DOD73m2_500x_N1__liverLD__8_8_23.mzML
74,PG_IPA_N5__liverLD__8_8_23.mzML
75,FA_IPA_N6__liverLD__8_8_23.mzML
76,TG20-4_IPA_N1__liverLD__8_8_23.mzML
77,PG_FAD131m1_500x_N1__liverLD__8_8_23.mzML
78,TG20-4_IPA_N2__liverLD__8_8_23.mzML
79,DG18-1_FAD131m1_500x_N1__liverLD__8_8_23.mzML
80,PG_FAD173m1_500x_N1__liverLD__8_8_23.mzML
81,DG18-1_IPA_N1__liverLD__8_8_23.mzML
82,TG18-0_IPA_N8__liverLD__8_8_23.mzML
83,TG22-5_DOD73m2_500x_N1__liverLD__8_8_23.mzML
84,TG18-3_IPA_N8__liverLD__8_8_23.mzML
85,DG18-0_equisplash_500x_N1__liverLD__8_8_23.mzML
86,TG22-6_IPA_N3__liverLD__8_8_23.mzML
87,PS_FAD131m2_500x_N1__liverLD__8_8_23.mzML
88,DG18-1_Blank_500x_N1__liverLD__8_8_23.mzML
89,CE_IPA_N5__liverLD__8_8_23.mzML
90,PE_IPA_N4__liverLD__8_8_23.mzML
91,PC_FAD131m2_500x_N1__liverLD__8_8_23.mzML
92,CE_Blank_500x_N1__liverLD__8_8_23.mzML
93,TG16-0_DOD73m2_500x_N1__liverLD__8_8_23.mzML
94,TG18-1_IPA_N3__liverLD__8_8_23.mzML
95,TG16-1_IPA_N7__liverLD__8_8_23.mzML
96,DG18-1_IPA_N4__liverLD__8_8_23.mzML
97,DG16-0_IPA_N1__liverLD__8_8_23.mzML
98,TG14-0_IPA_N2__liverLD__8_8_23.mzML
99,TG22-6_Blank_500x_N1__liverLD__8_8_23.mzML
100,CER_Blank_500x_N1__liverLD__8_8_23.mzML
101,TG18-0_IPA_N2__liverLD__8_8_23.mzML
102,FA_IPA_N8__liverLD__8_8_23.mzML
103,PS_DOD73m2_500x_N1__liverLD__8_8_23.mzML
104,TG16-1_FAD131m1_500x_N1__liverLD__8_8_23.mzML
105,CE_FAD131m2_500x_N1__liverLD__8_8_23.mzML
106,TG18-3_IPA_N6__liverLD__8_8_23.mzML
107,DG18-0_Blank_500x_N1__liverLD__8_8_23.mzML
108,DG18-1_IPA_N6__liverLD__8_8_23.mzML
109,TG22-5_IPA_N3__liverLD__8_8_23.mzML
110,TG18-1_IPA_N8__liverLD__8_8_23.mzML
111,DG18-1_IPA_N2__liverLD__8_8_23.mzML
112,DG18-1_IPA_N5__liverLD__8_8_23.mzML
113,TG22-6_FAD131m4_500x_N1__liverLD__8_8_23.mzML
114,DG18-0_IPA_N1__liverLD__8_8_23.mzML
115,DG18-0_IPA_N5__liverLD__8_8_23.mzML
116,DG18-0_IPA_N2__liverLD__8_8_23.mzML
117,TG16-1_IPA_N8__liverLD__8_8_23.mzML
118,DG18-2_IPA_N6__liverLD__8_8_23.mzML
119,AC_IPA_N3__liverLD__8_8_23.mzML
120,PC_IPA_N3__liverLD__8_8_23.mzML
121,PS_FAD173m1_500x_N1__liverLD__8_8_23.mzML
122,CER_FAD131m1_500x_N1__liverLD__8_8_23.mzML
123,TG22-6_IPA_N2__liverLD__8_8_23.mzML
124,AC_DOD73m2_500x_N1__liverLD__8_8_23.mzML
125,TG18-2_equisplash_500x_N1__liverLD__8_8_23.mzML
126,DG16-1_Blank_500x_N1__liverLD__8_8_23.mzML
127,CER_IPA_N5__liverLD__8_8_23.mzML
128,TG18-2_DOD73m2_500x_N1__liverLD__8_8_23.mzML
129,TG22-6_FAD173m1_500x_N1__liverLD__8_8_23.mzML
130,PE_IPA_N6__liverLD__8_8_23.mzML
131,CE_IPA_N6__liverLD__8_8_23.mzML
132,CE_IPA_N4__liverLD__8_8_23.mzML
133,TG22-6_equisplash_500x_N1__liverLD__8_8_23.mzML
134,TG16-1_IPA_N1__liverLD__8_8_23.mzML
135,PI_FAD131m4_500x_N1__liverLD__8_8_23.mzML
136,CER_IPA_N4__liverLD__8_8_23.mzML
137,DG18-0_IPA_N8__liverLD__8_8_23.mzML
138,AC_IPA_N1__liverLD__8_8_23.mzML
139,TG22-5_IPA_N2__liverLD__8_8_23.mzML
140,DG16-0_equisplash_500x_N1__liverLD__8_8_23.mzML
141,PE_FAD173m1_500x_N1__liverLD__8_8_23.mzML
142,TG18-1_IPA_N5__liverLD__8_8_23.mzML
143,DG18-1_IPA_N3__liverLD__8_8_23.mzML
144,PE_Blank_500x_N1__liverLD__8_8_23.mzML
145,TG14-0_FAD131m2_500x_N1__liverLD__8_8_23.mzML
146,PE_equisplash_500x_N1__liverLD__8_8_23.mzML
147,TG16-0_IPA_N1__liverLD__8_8_23.mzML
148,TG18-2_IPA_N8__liverLD__8_8_23.mzML
149,DG18-1_FAD131m4_500x_N1__liverLD__8_8_23.mzML
150,PG_Blank_500x_N1__liverLD__8_8_23.mzML
151,TG18-2_IPA_N2__liverLD__8_8_23.mzML
152,FA_IPA_N5__liverLD__8_8_23.mzML
153,DG16-1_IPA_N6__liverLD__8_8_23.mzML
154,DG18-0_DOD73m2_500x_N1__liverLD__8_8_23.mzML
155,TG18-2_FAD131m1_500x_N1__liverLD__8_8_23.mzML
156,TG14-0_FAD131m1_500x_N1__liverLD__8_8_23.mzML
157,PG_IPA_N2__liverLD__8_8_23.mzML
158,TG18-0_FAD131m4_500x_N1__liverLD__8_8_23.mzML
159,DG16-0_Blank_500x_N1__liverLD__8_8_23.mzML
160,PG_DOD73m2_500x_N1__liverLD__8_8_23.mzML
161,TG18-0_DOD73m2_500x_N1__liverLD__8_8_23.mzML
162,DG18-0_IPA_N6__liverLD__8_8_23.mzML
163,DG16-0_IPA_N5__liverLD__8_8_23.mzML
164,TG20-4_IPA_N6__liverLD__8_8_23.mzML
165,PE_IPA_N2__liverLD__8_8_23.mzML
166,TG22-5_FAD131m4_500x_N1__liverLD__8_8_23.mzML
167,PE_FAD131m1_500x_N1__liverLD__8_8_23.mzML
168,TG22-6_DOD73m2_500x_N1__liverLD__8_8_23.mzML
169,DG16-0_IPA_N4__liverLD__8_8_23.mzML
170,DG18-0_FAD131m2_500x_N1__liverLD__8_8_23.mzML
171,FA_FAD131m4_500x_N1__liverLD__8_8_23.mzML
172,PG_equisplash_500x_N1__liverLD__8_8_23.mzML
173,TG18-3_IPA_N5__liverLD__8_8_23.mzML
174,PE_IPA_N1__liverLD__8_8_23.mzML
175,TG22-6_IPA_N1__liverLD__8_8_23.mzML
176,DG16-1_IPA_N2__liverLD__8_8_23.mzML
177,TG16-0_IPA_N4__liverLD__8_8_23.mzML
178,PG_IPA_N6__liverLD__8_8_23.mzML
179,CER_IPA_N7__liverLD__8_8_23.mzML
180,DG18-2_Blank_500x_N1__liverLD__8_8_23.mzML
181,TG18-3_equisplash_500x_N1__liverLD__8_8_23.mzML
182,FA_IPA_N7__liverLD__8_8_23.mzML
183,AC_FAD131m2_500x_N1__liverLD__8_8_23.mzML
184,PC_DOD73m2_500x_N1__liverLD__8_8_23.mzML
185,DG16-0_FAD173m1_500x_N1__liverLD__8_8_23.mzML
186,TG16-1_FAD131m4_500x_N1__liverLD__8_8_23.mzML
187,TG22-5_IPA_N1__liverLD__8_8_23.mzML
188,PC_IPA_N2__liverLD__8_8_23.mzML
189,TG18-1_equisplash_500x_N1__liverLD__8_8_23.mzML
190,TG18-3_FAD131m2_500x_N1__liverLD__8_8_23.mzML
191,TG22-6_IPA_N4__liverLD__8_8_23.mzML
192,TG20-4_FAD131m1_500x_N1__liverLD__8_8_23.mzML
193,TG20-4_IPA_N8__liverLD__8_8_23.mzML
194,DG16-1_IPA_N3__liverLD__8_8_23.mzML
195,TG14-0_IPA_N5__liverLD__8_8_23.mzML
196,TG18-1_FAD131m1_500x_N1__liverLD__8_8_23.mzML
197,TG18-3_IPA_N4__liverLD__8_8_23.mzML
198,PG_FAD131m2_500x_N1__liverLD__8_8_23.mzML
199,TG22-6_IPA_N5__liverLD__8_8_23.mzML
200,PI_IPA_N4__liverLD__8_8_23.mzML
201,TG22-6_FAD131m1_500x_N1__liverLD__8_8_23.mzML
202,TG18-2_FAD131m2_500x_N1__liverLD__8_8_23.mzML
203,PS_FAD131m4_500x_N1__liverLD__8_8_23.mzML
204,DG18-2_IPA_N3__liverLD__8_8_23.mzML
205,TG22-5_IPA_N6__liverLD__8_8_23.mzML
206,PI_DOD73m2_500x_N1__liverLD__8_8_23.mzML
207,FA_IPA_N4__liverLD__8_8_23.mzML
208,TG18-1_IPA_N1__liverLD__8_8_23.mzML
209,TG22-5_FAD131m2_500x_N1__liverLD__8_8_23.mzML
210,TG14-0_FAD131m4_500x_N1__liverLD__8_8_23.mzML
211,TG16-1_Blank_500x_N1__liverLD__8_8_23.mzML
212,DG18-2_FAD173m1_500x_N1__liverLD__8_8_23.mzML
213,TG16-0_Blank_500x_N1__liverLD__8_8_23.mzML
214,PC_FAD131m4_500x_N1__liverLD__8_8_23.mzML
215,TG18-2_IPA_N5__liverLD__8_8_23.mzML
216,TG18-3_IPA_N3__liverLD__8_8_23.mzML
217,TG18-1_FAD173m1_500x_N1__liverLD__8_8_23.mzML
218,TG16-1_FAD173m1_500x_N1__liverLD__8_8_23.mzML
219,PE_IPA_N7__liverLD__8_8_23.mzML
220,TG14-0_Blank_500x_N1__liverLD__8_8_23.mzML
221,AC_FAD131m1_500x_N1__liverLD__8_8_23.mzML
222,TG18-2_FAD173m1_500x_N1__liverLD__8_8_23.mzML
223,TG22-5_IPA_N7__liverLD__8_8_23.mzML
224,PI_Blank_500x_N1__liverLD__8_8_23.mzML
225,TG18-3_IPA_N7__liverLD__8_8_23.mzML
226,DG18-1_FAD131m2_500x_N1__liverLD__8_8_23.mzML
227,DG18-1_equisplash_500x_N1__liverLD__8_8_23.mzML
228,TG18-0_FAD173m1_500x_N1__liverLD__8_8_23.mzML
229,CE_equisplash_500x_N1__liverLD__8_8_23.mzML
230,CE_IPA_N8__liverLD__8_8_23.mzML
231,TG22-6_IPA_N8__liverLD__8_8_23.mzML
232,TG16-1_IPA_N3__liverLD__8_8_23.mzML
233,TG16-0_FAD131m2_500x_N1__liverLD__8_8_23.mzML
234,PG_IPA_N8__liverLD__8_8_23.mzML
235,CE_DOD73m2_500x_N1__liverLD__8_8_23.mzML
236,TG18-3_IPA_N2__liverLD__8_8_23.mzML
237,DG16-0_IPA_N8__liverLD__8_8_23.mzML
238,FA_IPA_N1__liverLD__8_8_23.mzML
239,TG14-0_IPA_N8__liverLD__8_8_23.mzML
240,CER_FAD173m1_500x_N1__liverLD__8_8_23.mzML
241,CE_FAD131m4_500x_N1__liverLD__8_8_23.mzML
242,TG18-0_IPA_N3__liverLD__8_8_23.mzML
243,DG16-1_IPA_N4__liverLD__8_8_23.mzML
244,TG18-2_IPA_N7__liverLD__8_8_23.mzML
245,TG18-2_FAD131m4_500x_N1__liverLD__8_8_23.mzML
246,PI_equisplash_500x_N1__liverLD__8_8_23.mzML
247,TG18-0_IPA_N6__liverLD__8_8_23.mzML
248,TG16-0_FAD131m1_500x_N1__liverLD__8_8_23.mzML
249,FA_FAD173m1_500x_N1__liverLD__8_8_23.mzML
250,TG18-2_IPA_N3__liverLD__8_8_23.mzML
251,DG18-0_IPA_N4__liverLD__8_8_23.mzML
252,DG16-1_FAD173m1_500x_N1__liverLD__8_8_23.mzML
253,TG14-0_IPA_N7__liverLD__8_8_23.mzML
254,DG18-1_IPA_N7__liverLD__8_8_23.mzML
255,DG16-1_IPA_N7__liverLD__8_8_23.mzML
256,AC_IPA_N4__liverLD__8_8_23.mzML
257,PC_IPA_N1__liverLD__8_8_23.mzML
258,TG22-5_IPA_N8__liverLD__8_8_23.mzML
259,PC_IPA_N8__liverLD__8_8_23.mzML
260,DG18-0_FAD131m4_500x_N1__liverLD__8_8_23.mzML
261,PG_FAD131m4_500x_N1__liverLD__8_8_23.mzML
262,FA_IPA_N3__liverLD__8_8_23.mzML
263,TG18-0_FAD131m1_500x_N1__liverLD__8_8_23.mzML
264,TG16-0_IPA_N7__liverLD__8_8_23.mzML
265,TG18-0_IPA_N7__liverLD__8_8_23.mzML
266,FA_equisplash_500x_N1__liverLD__8_8_23.mzML
267,TG14-0_IPA_N1__liverLD__8_8_23.mzML
268,PG_IPA_N1__liverLD__8_8_23.mzML
269,PE_IPA_N8__liverLD__8_8_23.mzML
270,CER_equisplash_500x_N1__liverLD__8_8_23.mzML
271,DG18-0_IPA_N3__liverLD__8_8_23.mzML
272,AC_equisplash_500x_N1__liverLD__8_8_23.mzML
273,TG22-6_IPA_N7__liverLD__8_8_23.mzML
274,DG18-0_FAD173m1_500x_N1__liverLD__8_8_23.mzML
275,TG18-0_equisplash_500x_N1__liverLD__8_8_23.mzML
276,TG18-0_Blank_500x_N1__liverLD__8_8_23.mzML
277,DG18-2_IPA_N8__liverLD__8_8_23.mzML
278,DG18-2_IPA_N2__liverLD__8_8_23.mzML
279,TG18-2_Blank_500x_N1__liverLD__8_8_23.mzML
280,DG18-1_DOD73m2_500x_N1__liverLD__8_8_23.mzML
281,CER_IPA_N3__liverLD__8_8_23.mzML
282,TG16-0_IPA_N2__liverLD__8_8_23.mzML
283,TG22-6_IPA_N6__liverLD__8_8_23.mzML
284,DG16-1_DOD73m2_500x_N1__liverLD__8_8_23.mzML
285,PE_IPA_N3__liverLD__8_8_23.mzML
286,FA_Blank_500x_N1__liverLD__8_8_23.mzML
287,TG20-4_IPA_N3__liverLD__8_8_23.mzML
288,DG18-2_IPA_N7__liverLD__8_8_23.mzML
289,TG14-0_IPA_N6__liverLD__8_8_23.mzML
290,DG16-0_IPA_N6__liverLD__8_8_23.mzML
291,DG18-1_FAD173m1_500x_N1__liverLD__8_8_23.mzML
292,DG18-2_DOD73m2_500x_N1__liverLD__8_8_23.mzML
293,PI_FAD173m1_500x_N1__liverLD__8_8_23.mzML
294,AC_IPA_N2__liverLD__8_8_23.mzML
295,TG18-1_IPA_N4__liverLD__8_8_23.mzML
296,DG18-0_FAD131m1_500x_N1__liverLD__8_8_23.mzML
297,TG18-2_IPA_N6__liverLD__8_8_23.mzML
298,TG16-0_IPA_N6__liverLD__8_8_23.mzML
299,TG16-0_FAD131m4_500x_N1__liverLD__8_8_23.mzML
300,TG18-0_IPA_N1__liverLD__8_8_23.mzML
301,DG16-1_FAD131m1_500x_N1__liverLD__8_8_23.mzML
302,FA_FAD131m1_500x_N1__liverLD__8_8_23.mzML
303,CER_IPA_N6__liverLD__8_8_23.mzML
304,DG16-0_IPA_N3__liverLD__8_8_23.mzML
305,PS_equisplash_500x_N1__liverLD__8_8_23.mzML
306,TG16-1_IPA_N5__liverLD__8_8_23.mzML
307,DG18-2_equisplash_500x_N1__liverLD__8_8_23.mzML
308,PS_Blank_500x_N1__liverLD__8_8_23.mzML
309,TG16-1_IPA_N2__liverLD__8_8_23.mzML
310,TG16-0_FAD173m1_500x_N1__liverLD__8_8_23.mzML
311,CE_IPA_N1__liverLD__8_8_23.mzML
312,TG16-0_equisplash_500x_N1__liverLD__8_8_23.mzML
313,DG16-1_IPA_N5__liverLD__8_8_23.mzML
314,CER_IPA_N8__liverLD__8_8_23.mzML
315,TG14-0_IPA_N3__liverLD__8_8_23.mzML
316,DG16-1_IPA_N8__liverLD__8_8_23.mzML
317,TG16-1_IPA_N4__liverLD__8_8_23.mzML
318,TG18-3_FAD131m4_500x_N1__liverLD__8_8_23.mzML
319,DG18-1_IPA_N8__liverLD__8_8_23.mzML
320,TG18-3_FAD131m1_500x_N1__liverLD__8_8_23.mzML
321,DG18-2_IPA_N4__liverLD__8_8_23.mzML
322,CER_FAD131m2_500x_N1__liverLD__8_8_23.mzML
323,TG20-4_FAD131m4_500x_N1__liverLD__8_8_23.mzML
324,TG18-3_FAD173m1_500x_N1__liverLD__8_8_23.mzML
325,TG22-5_FAD131m1_500x_N1__liverLD__8_8_23.mzML
326,TG14-0_equisplash_500x_N1__liverLD__8_8_23.mzML
327,TG22-5_equisplash_500x_N1__liverLD__8_8_23.mzML
328,TG14-0_IPA_N4__liverLD__8_8_23.mzML
329,TG18-2_IPA_N4__liverLD__8_8_23.mzML
330,TG22-5_IPA_N4__liverLD__8_8_23.mzML
331,TG18-1_IPA_N6__liverLD__8_8_23.mzML
332,TG18-1_IPA_N2__liverLD__8_8_23.mzML
333,TG20-4_FAD131m2_500x_N1__liverLD__8_8_23.mzML
334,TG20-4_IPA_N7__liverLD__8_8_23.mzML
335,AC_Blank_500x_N1__liverLD__8_8_23.mzML
336,TG18-1_FAD131m2_500x_N1__liverLD__8_8_23.mzML
337,TG18-1_DOD73m2_500x_N1__liverLD__8_8_23.mzML
338,PG_IPA_N7__liverLD__8_8_23.mzML
339,TG18-2_IPA_N1__liverLD__8_8_23.mzML
